-- CareerSignal Africa seed data
-- Run schema.sql first, then run this file in Supabase SQL Editor.
-- Generated from src/data.js. Safe to re-run: source/career/market rows upsert; learning links are refreshed.

begin;

-- 1) Sources
insert into public.sources (id, name, url, type, region) values
  ('linkedin', 'LinkedIn Jobs', 'https://www.linkedin.com/jobs', 'job_board', 'Global'),
  ('indeed', 'Indeed', 'https://www.indeed.com', 'job_board', 'Global'),
  ('glassdoor', 'Glassdoor', 'https://www.glassdoor.com', 'salary', 'Global'),
  ('remoteok', 'Remote OK', 'https://remoteok.com', 'job_board_salary', 'Global remote'),
  ('builtin', 'Built In', 'https://builtin.com', 'job_board_salary', 'Global tech'),
  ('wellfound', 'Wellfound', 'https://wellfound.com', 'job_board_salary', 'Startups'),
  ('fuzu', 'Fuzu', 'https://www.fuzu.com', 'career_matching', 'Pan-Africa'),
  ('brighter', 'BrighterMonday', 'https://www.brightermonday.co.ke', 'job_board', 'East Africa'),
  ('jobberman', 'Jobberman', 'https://www.jobberman.com', 'job_board', 'West Africa'),
  ('pnet', 'PNet', 'https://www.pnet.co.za', 'job_board', 'South Africa'),
  ('reliefweb', 'ReliefWeb Jobs', 'https://reliefweb.int/jobs', 'job_board', 'Africa NGO'),
  ('jobweb', 'JobWeb Zambia', 'https://www.jobwebzambia.com', 'job_board', 'Zambia'),
  ('gojobs', 'Go Zambia Jobs', 'https://www.gozambiajobs.com', 'job_board', 'Zambia'),
  ('zambiajob', 'Zambia Job', 'https://www.zambiajob.com', 'job_board', 'Zambia'),
  ('greatjobs', 'Great Zambia Jobs', 'https://www.greatzambiajobs.com', 'job_board', 'Zambia'),
  ('alljobspo', 'Jobs in Zambia / Alljobspo', 'https://jobsinzambia.alljobspo.com', 'aggregator', 'Zambia'),
  ('psc', 'Zambia Public Service Commission', 'https://www.psc.gov.zm', 'government_vacancies', 'Zambia'),
  ('onet', 'O*NET OnLine', 'https://www.onetonline.org', 'labor_statistics', 'Global reference'),
  ('bls', 'BLS Occupational Outlook Handbook', 'https://www.bls.gov/ooh', 'labor_statistics_salary', 'Global reference'),
  ('wef', 'WEF Future of Jobs', 'https://www.weforum.org', 'future_of_work', 'Global'),
  ('ilostat', 'ILOSTAT', 'https://ilostat.ilo.org', 'labor_statistics', 'Global'),
  ('payscale', 'Payscale', 'https://www.payscale.com', 'salary', 'Global'),
  ('zamstats', 'Zambia Statistics Agency', 'https://www.zamstats.gov.zm', 'labor_statistics', 'Zambia'),
  ('afdb', 'African Development Bank', 'https://www.afdb.org', 'economic_outlook', 'Africa'),
  ('zda', 'Zambia Development Agency', 'https://www.zda.org.zm', 'investment_priority', 'Zambia'),
  ('devex', 'Devex Jobs', 'https://www.devex.com/jobs', 'job_board_development', 'Global development'),
  ('unjobs', 'UNjobs', 'https://unjobs.org', 'job_board_development', 'UN / NGO'),
  ('worldbankjobs', 'World Bank Careers', 'https://www.worldbank.org/en/about/careers', 'multilateral_careers', 'Global development'),
  ('tevetazm', 'TEVETA Zambia', 'https://www.teveta.org.zm', 'training_regulator', 'Zambia'),
  ('cisco_netacad', 'Cisco Networking Academy', 'https://www.netacad.com', 'skills_training', 'Global ICT'),
  ('google_certs', 'Google Career Certificates', 'https://grow.google/certificates/', 'skills_training', 'Global digital'),
  ('microsoft_learn', 'Microsoft Learn', 'https://learn.microsoft.com', 'skills_training', 'Global digital'),
  ('coursera', 'Coursera', 'https://www.coursera.org', 'learning_platform', 'Global'),
  ('edx', 'edX', 'https://www.edx.org', 'learning_platform', 'Global'),
  ('kaggle', 'Kaggle', 'https://www.kaggle.com', 'skills_portfolio', 'Global data'),
  ('who_jobs', 'WHO Careers', 'https://www.who.int/careers', 'health_careers', 'Global health'),
  ('fao_jobs', 'FAO Jobs', 'https://jobs.fao.org', 'agriculture_development_jobs', 'Global agriculture')
on conflict (id) do update set
  name = excluded.name,
  url = excluded.url,
  type = excluded.type,
  region = excluded.region,
  updated_at = now();

-- 2) Careers
insert into public.careers (id, title, category, description, education_requirements, skills, interests, work_preferences, entry_paths, resources, related_careers, active) values
  ('software_developer', 'Software Developer', 'Technology', 'Builds web, mobile and enterprise software systems.', 'Diploma/degree helpful; portfolio essential.', ARRAY['programming', 'javascript', 'problem solving', 'databases', 'cloud']::text[], ARRAY['technology', 'problem solving', 'remote']::text[], ARRAY['remote', 'hybrid', 'office']::text[], ARRAY['Junior developer', 'Coding bootcamp', 'CS diploma/degree', 'Open-source portfolio']::text[], ARRAY['Google Career Certificates', 'freeCodeCamp', 'Coursera / edX professional certificates', 'Microsoft Learn']::text[], ARRAY[]::text[], true),
  ('data_analyst', 'Data Analyst', 'Technology', 'Turns business and public-sector data into decisions and dashboards.', 'Statistics, economics, IT or business qualification plus portfolio.', ARRAY['excel', 'sql', 'statistics', 'power bi', 'communication']::text[], ARRAY['data', 'business', 'problem solving']::text[], ARRAY['hybrid', 'office', 'remote']::text[], ARRAY['Excel/SQL certificate', 'Power BI portfolio', 'Statistics diploma', 'Junior reporting role']::text[], ARRAY['Google Career Certificates', 'freeCodeCamp', 'Coursera / edX professional certificates', 'Microsoft Learn', 'ACCA / CIMA foundations', 'Project Management Institute resources', 'LinkedIn Learning business analytics', 'Local chamber of commerce workshops']::text[], ARRAY[]::text[], true),
  ('cybersecurity_analyst', 'Cybersecurity Analyst', 'Technology', 'Protects systems, networks and data from cyber threats.', 'IT diploma/degree plus security certifications or labs.', ARRAY['networking', 'security', 'linux', 'risk management', 'incident response']::text[], ARRAY['technology', 'security', 'problem solving']::text[], ARRAY['hybrid', 'office', 'remote']::text[], ARRAY['CompTIA Security+', 'Cisco CyberOps', 'SOC labs', 'IT support bridge role']::text[], ARRAY['Google Career Certificates', 'freeCodeCamp', 'Coursera / edX professional certificates', 'Microsoft Learn']::text[], ARRAY[]::text[], true),
  ('ai_ml_specialist', 'AI / Machine Learning Specialist', 'Technology', 'Designs predictive AI, automation and analytics products.', 'Strong maths, programming and data-science portfolio.', ARRAY['python', 'machine learning', 'statistics', 'data engineering', 'ethics']::text[], ARRAY['data', 'technology', 'research', 'problem solving']::text[], ARRAY['remote', 'hybrid']::text[], ARRAY['Python + ML portfolio', 'Math/statistics refresh', 'Cloud AI certificates', 'Data analyst bridge role']::text[], ARRAY['Google Career Certificates', 'freeCodeCamp', 'Coursera / edX professional certificates', 'Microsoft Learn']::text[], ARRAY[]::text[], true),
  ('renewable_energy_technician', 'Renewable Energy Technician', 'Energy', 'Installs and maintains solar, mini-grid and battery systems.', 'Technical certificate/diploma and electrical safety credentials.', ARRAY['electrical', 'solar pv', 'maintenance', 'safety', 'troubleshooting']::text[], ARRAY['engineering', 'environment', 'hands-on']::text[], ARRAY['field', 'office']::text[], ARRAY['Solar PV certificate', 'Electrical craft certificate', 'Apprenticeship', 'Safety training']::text[], ARRAY['TEVETA accredited programmes', 'Apprenticeships', 'Safety and compliance certifications', 'Manufacturer training', 'FAO e-learning Academy', 'World Bank Open Learning Campus', 'Local extension services', 'GIS and climate-data short courses']::text[], ARRAY[]::text[], true),
  ('mining_engineer', 'Mining Engineer', 'Mining', 'Plans safe, efficient mineral extraction and mine infrastructure.', 'Engineering degree and professional registration pathway.', ARRAY['geology', 'mine planning', 'safety', 'project management', 'cad']::text[], ARRAY['engineering', 'hands-on', 'management']::text[], ARRAY['field', 'office']::text[], ARRAY['Engineering degree', 'Mine safety certification', 'Graduate trainee programme', 'CAD/GIS skills']::text[], ARRAY['TEVETA accredited programmes', 'Apprenticeships', 'Safety and compliance certifications', 'Manufacturer training', 'ACCA / CIMA foundations', 'Project Management Institute resources', 'LinkedIn Learning business analytics', 'Local chamber of commerce workshops']::text[], ARRAY[]::text[], true),
  ('agronomist', 'Agronomist', 'Agriculture', 'Improves crop production, soil health and farm productivity.', 'Diploma/degree in agriculture, agronomy or crop science.', ARRAY['crop science', 'soil health', 'extension', 'data collection', 'advisory']::text[], ARRAY['agriculture', 'environment', 'field work']::text[], ARRAY['field', 'office']::text[], ARRAY['Agriculture diploma/degree', 'Extension internship', 'Soil testing short course', 'GIS for agriculture']::text[], ARRAY['FAO e-learning Academy', 'World Bank Open Learning Campus', 'Local extension services', 'GIS and climate-data short courses']::text[], ARRAY[]::text[], true),
  ('nurse', 'Registered Nurse', 'Healthcare', 'Provides patient care, health education and clinical support.', 'Accredited nursing qualification and professional registration.', ARRAY['patient care', 'clinical judgement', 'communication', 'empathy', 'record keeping']::text[], ARRAY['healthcare', 'people', 'societal impact']::text[], ARRAY['office', 'field', 'shift']::text[], ARRAY['Nursing diploma/degree', 'Clinical placements', 'Professional registration', 'Specialist certificates']::text[], ARRAY['Accredited health institutions', 'WHO Academy resources', 'Professional council registration guidance', 'Public health short courses']::text[], ARRAY[]::text[], true),
  ('clinical_officer', 'Clinical Officer', 'Healthcare', 'Diagnoses common conditions and supports primary healthcare.', 'Accredited clinical medicine programme and registration.', ARRAY['diagnosis', 'patient care', 'pharmacology', 'communication', 'triage']::text[], ARRAY['healthcare', 'societal impact', 'people']::text[], ARRAY['field', 'office']::text[], ARRAY['Clinical medicine diploma', 'Rural placement', 'Public health short courses', 'Registration with council']::text[], ARRAY['Accredited health institutions', 'WHO Academy resources', 'Professional council registration guidance', 'Public health short courses']::text[], ARRAY[]::text[], true),
  ('teacher_stem', 'STEM Teacher', 'Education', 'Teaches mathematics, science, ICT and problem-solving.', 'Teaching qualification plus subject competence.', ARRAY['teaching', 'maths', 'science', 'communication', 'curriculum']::text[], ARRAY['education', 'people', 'societal impact']::text[], ARRAY['office']::text[], ARRAY['Education diploma/degree', 'Subject specialization', 'Teaching practice', 'Digital teaching tools']::text[], ARRAY['ACCA / CIMA foundations', 'Project Management Institute resources', 'LinkedIn Learning business analytics', 'Local chamber of commerce workshops']::text[], ARRAY[]::text[], true),
  ('accountant', 'Accountant', 'Finance', 'Manages reporting, tax, audit preparation and controls.', 'Accounting diploma/degree; ACCA/ZICA pathway beneficial.', ARRAY['accounting', 'excel', 'tax', 'attention to detail', 'ethics']::text[], ARRAY['business', 'finance', 'office work']::text[], ARRAY['office', 'hybrid']::text[], ARRAY['ZICA/ACCA pathway', 'Bookkeeping role', 'Excel certification', 'Audit internship']::text[], ARRAY['ACCA / CIMA foundations', 'Project Management Institute resources', 'LinkedIn Learning business analytics', 'Local chamber of commerce workshops']::text[], ARRAY[]::text[], true),
  ('financial_analyst', 'Financial Analyst', 'Finance', 'Evaluates budgets, investments, forecasts and performance.', 'Degree in finance, economics, accounting or quantitative field.', ARRAY['financial modelling', 'excel', 'analysis', 'communication', 'risk']::text[], ARRAY['finance', 'business', 'data']::text[], ARRAY['office', 'hybrid']::text[], ARRAY['Financial modelling course', 'CFA foundations', 'Analyst internship', 'Excel/Power BI portfolio']::text[], ARRAY['ACCA / CIMA foundations', 'Project Management Institute resources', 'LinkedIn Learning business analytics', 'Local chamber of commerce workshops']::text[], ARRAY[]::text[], true),
  ('project_manager', 'Project Manager', 'Business Operations', 'Plans delivery, budgets, timelines and teams across sectors.', 'Experience plus project-management training.', ARRAY['planning', 'stakeholder management', 'budgeting', 'communication', 'risk']::text[], ARRAY['management', 'business', 'people']::text[], ARRAY['office', 'hybrid', 'field']::text[], ARRAY['CAPM/PMP pathway', 'Project coordinator role', 'Agile/Scrum basics', 'Budgeting course']::text[], ARRAY['ACCA / CIMA foundations', 'Project Management Institute resources', 'LinkedIn Learning business analytics', 'Local chamber of commerce workshops']::text[], ARRAY[]::text[], true),
  ('supply_chain_manager', 'Supply Chain / Logistics Manager', 'Logistics', 'Coordinates procurement, inventory, transport and warehousing.', 'Logistics/business qualification; CIPS/CILT helpful.', ARRAY['procurement', 'logistics', 'negotiation', 'excel', 'planning']::text[], ARRAY['business', 'operations', 'management']::text[], ARRAY['office', 'field']::text[], ARRAY['CIPS/CILT pathway', 'Procurement assistant role', 'Inventory systems training', 'Excel analytics']::text[], ARRAY['ACCA / CIMA foundations', 'Project Management Institute resources', 'LinkedIn Learning business analytics', 'Local chamber of commerce workshops']::text[], ARRAY[]::text[], true),
  ('civil_engineer', 'Civil Engineer', 'Infrastructure', 'Designs roads, buildings, water and public works infrastructure.', 'Engineering degree and professional registration pathway.', ARRAY['engineering design', 'site supervision', 'cad', 'project management', 'safety']::text[], ARRAY['engineering', 'infrastructure', 'field work']::text[], ARRAY['field', 'office']::text[], ARRAY['Engineering degree', 'CAD certification', 'Site internship', 'Professional registration']::text[], ARRAY['TEVETA accredited programmes', 'Apprenticeships', 'Safety and compliance certifications', 'Manufacturer training']::text[], ARRAY[]::text[], true),
  ('electrical_engineer', 'Electrical Engineer', 'Engineering', 'Designs power, control, telecom and industrial electrical systems.', 'Engineering degree and registration pathway.', ARRAY['electrical systems', 'design', 'troubleshooting', 'safety', 'project management']::text[], ARRAY['engineering', 'energy', 'problem solving']::text[], ARRAY['field', 'office']::text[], ARRAY['Engineering degree', 'Power systems course', 'Internship', 'Professional registration']::text[], ARRAY['TEVETA accredited programmes', 'Apprenticeships', 'Safety and compliance certifications', 'Manufacturer training']::text[], ARRAY[]::text[], true),
  ('environmental_scientist', 'Environmental Scientist', 'Environment', 'Assesses environmental impact, compliance and sustainability risks.', 'Environmental science or natural resources qualification.', ARRAY['environmental impact', 'field sampling', 'gis', 'report writing', 'compliance']::text[], ARRAY['environment', 'research', 'societal impact']::text[], ARRAY['field', 'office']::text[], ARRAY['Environmental science degree', 'EIA short course', 'GIS certificate', 'NGO/government internship']::text[], ARRAY['FAO e-learning Academy', 'World Bank Open Learning Campus', 'Local extension services', 'GIS and climate-data short courses']::text[], ARRAY[]::text[], true),
  ('public_health_specialist', 'Public Health Specialist', 'Healthcare', 'Designs disease-prevention and community health programmes.', 'Health/social science degree plus public health training.', ARRAY['epidemiology', 'programme design', 'data', 'community engagement', 'reporting']::text[], ARRAY['healthcare', 'societal impact', 'data']::text[], ARRAY['field', 'office', 'hybrid']::text[], ARRAY['Public health certificate', 'M&E assistant role', 'Epidemiology basics', 'NGO internship']::text[], ARRAY['Accredited health institutions', 'WHO Academy resources', 'Professional council registration guidance', 'Public health short courses']::text[], ARRAY[]::text[], true),
  ('monitoring_evaluation', 'Monitoring & Evaluation Officer', 'Development', 'Tracks programme results, indicators, donor reporting and learning.', 'Social science, statistics, development, health or economics degree.', ARRAY['data collection', 'excel', 'reporting', 'indicator design', 'stakeholder management']::text[], ARRAY['data', 'societal impact', 'business']::text[], ARRAY['field', 'office', 'hybrid']::text[], ARRAY['M&E certificate', 'Kobo/ODK training', 'Excel/Power BI', 'NGO internship']::text[], ARRAY['ACCA / CIMA foundations', 'Project Management Institute resources', 'LinkedIn Learning business analytics', 'Local chamber of commerce workshops', 'Accredited health institutions', 'WHO Academy resources', 'Professional council registration guidance', 'Public health short courses']::text[], ARRAY[]::text[], true),
  ('digital_marketer', 'Digital Marketing Specialist', 'Marketing', 'Grows audiences and sales through search, social, email and analytics.', 'Portfolio often matters more than degree.', ARRAY['seo', 'content', 'analytics', 'social media', 'copywriting']::text[], ARRAY['creative', 'business', 'technology']::text[], ARRAY['remote', 'hybrid', 'office']::text[], ARRAY['Google Analytics certificate', 'Meta Blueprint', 'Portfolio campaigns', 'Marketing assistant role']::text[], ARRAY['Google Career Certificates', 'freeCodeCamp', 'Coursera / edX professional certificates', 'Microsoft Learn', 'ACCA / CIMA foundations', 'Project Management Institute resources', 'LinkedIn Learning business analytics', 'Local chamber of commerce workshops']::text[], ARRAY[]::text[], true),
  ('ux_designer', 'UX/UI Designer', 'Product Design', 'Researches user needs and designs usable digital products.', 'Portfolio, design tools and user research evidence are critical.', ARRAY['user research', 'figma', 'wireframing', 'prototyping', 'communication']::text[], ARRAY['creative', 'technology', 'people']::text[], ARRAY['remote', 'hybrid']::text[], ARRAY['Figma portfolio', 'UX research course', 'Usability testing practice', 'Design internship']::text[], ARRAY['Google Career Certificates', 'freeCodeCamp', 'Coursera / edX professional certificates', 'Microsoft Learn']::text[], ARRAY[]::text[], true),
  ('heavy_mechanic', 'Heavy Equipment Mechanic', 'Trades', 'Maintains mining, construction, agriculture and transport equipment.', 'Trade certificate/apprenticeship; OEM training valuable.', ARRAY['mechanics', 'diagnostics', 'hydraulics', 'safety', 'maintenance']::text[], ARRAY['hands-on', 'engineering', 'field work']::text[], ARRAY['field']::text[], ARRAY['TEVETA trade certificate', 'Apprenticeship', 'OEM diagnostics training', 'Safety certification']::text[], ARRAY['TEVETA accredited programmes', 'Apprenticeships', 'Safety and compliance certifications', 'Manufacturer training']::text[], ARRAY[]::text[], true),
  ('hospitality_manager', 'Hospitality / Tourism Manager', 'Hospitality', 'Manages hotels, lodges, travel operations and guest experience.', 'Hospitality/tourism diploma plus service experience.', ARRAY['customer service', 'operations', 'team leadership', 'sales', 'languages']::text[], ARRAY['people', 'creative', 'business']::text[], ARRAY['office', 'field', 'shift']::text[], ARRAY['Hospitality diploma', 'Front desk role', 'Revenue management basics', 'Customer experience training']::text[], ARRAY['ACCA / CIMA foundations', 'Project Management Institute resources', 'LinkedIn Learning business analytics', 'Local chamber of commerce workshops']::text[], ARRAY[]::text[], true),
  ('entrepreneur_sme', 'SME Entrepreneur', 'Business', 'Creates and grows small businesses in priority sectors.', 'No fixed credential; business literacy and execution matter.', ARRAY['sales', 'finance', 'operations', 'resilience', 'customer discovery']::text[], ARRAY['business', 'creative', 'management', 'risk']::text[], ARRAY['field', 'office', 'remote']::text[], ARRAY['Business model validation', 'Financial literacy', 'Mentorship/incubator', 'Start with customer pilots']::text[], ARRAY['ACCA / CIMA foundations', 'Project Management Institute resources', 'LinkedIn Learning business analytics', 'Local chamber of commerce workshops']::text[], ARRAY[]::text[], true),
  ('water_sanitation_engineer', 'Water & Sanitation Engineer', 'Infrastructure', 'Improves water supply, sanitation, drainage and hygiene infrastructure.', 'Civil/environmental engineering degree or technical pathway.', ARRAY['water systems', 'sanitation', 'cad', 'community engagement', 'project management']::text[], ARRAY['engineering', 'environment', 'societal impact']::text[], ARRAY['field', 'office']::text[], ARRAY['Engineering degree/diploma', 'WASH short courses', 'NGO internship', 'CAD/GIS training']::text[], ARRAY['FAO e-learning Academy', 'World Bank Open Learning Campus', 'Local extension services', 'GIS and climate-data short courses', 'TEVETA accredited programmes', 'Apprenticeships', 'Safety and compliance certifications', 'Manufacturer training']::text[], ARRAY[]::text[], true),
  ('cloud_solutions_architect', 'Cloud Solutions Architect', 'Technology', 'Designs secure, scalable cloud infrastructure and migration plans for organisations.', 'Degree or diploma in IT plus cloud certifications and architecture portfolio.', ARRAY['cloud', 'networking', 'security', 'databases', 'communication']::text[], ARRAY['technology', 'business', 'problem solving']::text[], ARRAY['remote', 'hybrid', 'office']::text[], ARRAY['AWS/Azure foundations', 'Cloud projects portfolio', 'Network fundamentals', 'Junior cloud support role']::text[], ARRAY['Google Career Certificates', 'freeCodeCamp', 'Coursera / edX professional certificates', 'Microsoft Learn']::text[], ARRAY[]::text[], true),
  ('product_manager', 'Product Manager', 'Business Operations', 'Defines product strategy, prioritises features and coordinates design, engineering and business teams.', 'Business, technology or design background plus strong product portfolio.', ARRAY['product strategy', 'user research', 'analytics', 'communication', 'prioritization']::text[], ARRAY['business', 'technology', 'people', 'creative']::text[], ARRAY['hybrid', 'remote', 'office']::text[], ARRAY['Associate product role', 'Product analytics course', 'UX research basics', 'Agile/Scrum practice']::text[], ARRAY['Google Career Certificates', 'freeCodeCamp', 'Coursera / edX professional certificates', 'Microsoft Learn', 'ACCA / CIMA foundations', 'Project Management Institute resources', 'LinkedIn Learning business analytics', 'Local chamber of commerce workshops']::text[], ARRAY[]::text[], true),
  ('gis_specialist', 'GIS Specialist', 'Environment', 'Uses mapping, satellite and spatial data to support planning, agriculture, mining and climate decisions.', 'Geography, surveying, environmental science or GIS certificate/diploma.', ARRAY['gis', 'remote sensing', 'data collection', 'spatial analysis', 'report writing']::text[], ARRAY['environment', 'data', 'research', 'field work']::text[], ARRAY['field', 'office', 'hybrid']::text[], ARRAY['QGIS/ArcGIS portfolio', 'Remote sensing basics', 'Survey/GPS fieldwork', 'Government/NGO internship']::text[], ARRAY['FAO e-learning Academy', 'World Bank Open Learning Campus', 'Local extension services', 'GIS and climate-data short courses', 'Google Career Certificates', 'freeCodeCamp', 'Coursera / edX professional certificates', 'Microsoft Learn']::text[], ARRAY[]::text[], true),
  ('actuary', 'Actuary', 'Finance', 'Models financial risk for insurance, pensions, investments and long-term planning.', 'Strong mathematics/statistics degree and actuarial exam pathway.', ARRAY['statistics', 'financial modelling', 'risk', 'excel', 'programming']::text[], ARRAY['finance', 'data', 'research', 'problem solving']::text[], ARRAY['office', 'hybrid']::text[], ARRAY['Actuarial science degree', 'SOA/IFoA exam pathway', 'Insurance internship', 'Python/R modelling']::text[], ARRAY['ACCA / CIMA foundations', 'Project Management Institute resources', 'LinkedIn Learning business analytics', 'Local chamber of commerce workshops', 'Google Career Certificates', 'freeCodeCamp', 'Coursera / edX professional certificates', 'Microsoft Learn']::text[], ARRAY[]::text[], true),
  ('veterinary_technician', 'Veterinary Technician', 'Agriculture', 'Supports animal health, livestock productivity, disease control and veterinary clinical work.', 'Veterinary/animal health diploma and field practice.', ARRAY['animal health', 'livestock', 'clinical support', 'record keeping', 'field work']::text[], ARRAY['agriculture', 'healthcare', 'hands-on', 'societal impact']::text[], ARRAY['field', 'office']::text[], ARRAY['Animal health diploma', 'Livestock extension attachment', 'Biosecurity training', 'Clinic/field internship']::text[], ARRAY['Accredited health institutions', 'WHO Academy resources', 'Professional council registration guidance', 'Public health short courses', 'FAO e-learning Academy', 'World Bank Open Learning Campus', 'Local extension services', 'GIS and climate-data short courses']::text[], ARRAY[]::text[], true),
  ('automation_technician', 'Automation / Robotics Technician', 'Engineering', 'Installs and maintains automated production, control, robotics and industrial sensor systems.', 'Mechatronics, electrical or instrumentation certificate/diploma.', ARRAY['plc', 'robotics', 'electrical', 'troubleshooting', 'maintenance']::text[], ARRAY['engineering', 'hands-on', 'technology']::text[], ARRAY['field', 'office']::text[], ARRAY['Mechatronics diploma', 'PLC certificate', 'Industrial attachment', 'Safety training']::text[], ARRAY['TEVETA accredited programmes', 'Apprenticeships', 'Safety and compliance certifications', 'Manufacturer training', 'Google Career Certificates', 'freeCodeCamp', 'Coursera / edX professional certificates', 'Microsoft Learn']::text[], ARRAY[]::text[], true),
  ('telecom_network_engineer', 'Telecommunications Network Engineer', 'Technology', 'Builds and maintains mobile, fibre, radio and enterprise communication networks.', 'ICT/electrical diploma or degree plus networking certifications.', ARRAY['networking', 'radio systems', 'fibre', 'security', 'troubleshooting']::text[], ARRAY['technology', 'engineering', 'field work']::text[], ARRAY['field', 'office', 'hybrid']::text[], ARRAY['Cisco CCNA', 'Fibre optics training', 'Network support role', 'Telecom internship']::text[], ARRAY['Google Career Certificates', 'freeCodeCamp', 'Coursera / edX professional certificates', 'Microsoft Learn', 'TEVETA accredited programmes', 'Apprenticeships', 'Safety and compliance certifications', 'Manufacturer training']::text[], ARRAY[]::text[], true),
  ('construction_manager', 'Construction Manager', 'Infrastructure', 'Coordinates construction projects, budgets, contractors, quality and site safety.', 'Construction/civil engineering qualification plus site experience.', ARRAY['site supervision', 'budgeting', 'safety', 'project management', 'contracts']::text[], ARRAY['engineering', 'management', 'field work']::text[], ARRAY['field', 'office']::text[], ARRAY['Site supervisor role', 'Construction management diploma', 'Safety certification', 'Project controls training']::text[], ARRAY['TEVETA accredited programmes', 'Apprenticeships', 'Safety and compliance certifications', 'Manufacturer training', 'ACCA / CIMA foundations', 'Project Management Institute resources', 'LinkedIn Learning business analytics', 'Local chamber of commerce workshops']::text[], ARRAY[]::text[], true),
  ('social_worker', 'Social Worker', 'Social Services', 'Supports vulnerable people, families and communities through case management and social programmes.', 'Social work, psychology or community development qualification.', ARRAY['case management', 'counselling', 'community engagement', 'reporting', 'empathy']::text[], ARRAY['people', 'societal impact', 'healthcare']::text[], ARRAY['field', 'office']::text[], ARRAY['Social work diploma/degree', 'NGO internship', 'Case management training', 'Safeguarding certificate']::text[], ARRAY['Accredited health institutions', 'WHO Academy resources', 'Professional council registration guidance', 'Public health short courses', 'ACCA / CIMA foundations', 'Project Management Institute resources', 'LinkedIn Learning business analytics', 'Local chamber of commerce workshops']::text[], ARRAY[]::text[], true),
  ('multimedia_producer', 'Multimedia Content Producer', 'Marketing', 'Creates video, audio, graphics and digital stories for brands, education and social platforms.', 'Portfolio-led path; media, design or communications training helpful.', ARRAY['video editing', 'storytelling', 'design', 'social media', 'copywriting']::text[], ARRAY['creative', 'business', 'technology']::text[], ARRAY['remote', 'hybrid', 'field']::text[], ARRAY['Video portfolio', 'Adobe/CapCut/Canva skills', 'Content strategy basics', 'Freelance projects']::text[], ARRAY['Google Career Certificates', 'freeCodeCamp', 'Coursera / edX professional certificates', 'Microsoft Learn', 'ACCA / CIMA foundations', 'Project Management Institute resources', 'LinkedIn Learning business analytics', 'Local chamber of commerce workshops']::text[], ARRAY[]::text[], true)
on conflict (id) do update set
  title = excluded.title,
  category = excluded.category,
  description = excluded.description,
  education_requirements = excluded.education_requirements,
  skills = excluded.skills,
  interests = excluded.interests,
  work_preferences = excluded.work_preferences,
  entry_paths = excluded.entry_paths,
  resources = excluded.resources,
  related_careers = excluded.related_careers,
  active = excluded.active,
  updated_at = now();

-- 3) Market data
insert into public.market_data (career_id, region, marketability_score, profitability_score, demand_score, median_salary_local, median_salary_usd, currency_code, trend, source_ids, last_updated) values
  ('software_developer', 'Zambia'::public.region_level, 84, 82, 79, 21000, 780, 'ZMW', 'up'::public.trend_direction, ARRAY['jobweb', 'gojobs', 'linkedin', 'zda']::text[], '2026-05-31'::date),
  ('software_developer', 'Africa'::public.region_level, 88, 86, 85, 25500, 950, 'ZMW', 'up'::public.trend_direction, ARRAY['fuzu', 'brighter', 'pnet', 'afdb']::text[], '2026-03-31'::date),
  ('software_developer', 'Global'::public.region_level, 94, 91, 90, 80600, 3000, 'ZMW', 'up'::public.trend_direction, ARRAY['linkedin', 'indeed', 'wef', 'bls']::text[], '2026-04-30'::date),
  ('data_analyst', 'Zambia'::public.region_level, 82, 76, 83, 16000, 595, 'ZMW', 'up'::public.trend_direction, ARRAY['jobweb', 'zamstats', 'zda', 'linkedin']::text[], '2026-05-31'::date),
  ('data_analyst', 'Africa'::public.region_level, 86, 81, 87, 22500, 835, 'ZMW', 'up'::public.trend_direction, ARRAY['fuzu', 'jobberman', 'afdb', 'ilostat']::text[], '2026-03-31'::date),
  ('data_analyst', 'Global'::public.region_level, 92, 88, 91, 69900, 2600, 'ZMW', 'up'::public.trend_direction, ARRAY['onet', 'bls', 'wef', 'linkedin']::text[], '2026-04-30'::date),
  ('cybersecurity_analyst', 'Zambia'::public.region_level, 75, 80, 86, 19000, 705, 'ZMW', 'up'::public.trend_direction, ARRAY['linkedin', 'jobweb', 'gojobs', 'zda']::text[], '2026-05-31'::date),
  ('cybersecurity_analyst', 'Africa'::public.region_level, 83, 86, 91, 28500, 1060, 'ZMW', 'up'::public.trend_direction, ARRAY['pnet', 'fuzu', 'jobberman', 'wef']::text[], '2026-03-31'::date),
  ('cybersecurity_analyst', 'Global'::public.region_level, 95, 94, 96, 96800, 3600, 'ZMW', 'up'::public.trend_direction, ARRAY['linkedin', 'indeed', 'bls', 'wef']::text[], '2026-04-30'::date),
  ('ai_ml_specialist', 'Zambia'::public.region_level, 62, 86, 82, 24000, 890, 'ZMW', 'up'::public.trend_direction, ARRAY['linkedin', 'jobweb', 'zda', 'wef']::text[], '2026-05-31'::date),
  ('ai_ml_specialist', 'Africa'::public.region_level, 77, 91, 89, 36000, 1340, 'ZMW', 'up'::public.trend_direction, ARRAY['fuzu', 'pnet', 'wef', 'afdb']::text[], '2026-03-31'::date),
  ('ai_ml_specialist', 'Global'::public.region_level, 96, 97, 98, 121000, 4500, 'ZMW', 'up'::public.trend_direction, ARRAY['linkedin', 'wellfound', 'bls', 'wef']::text[], '2026-04-30'::date),
  ('renewable_energy_technician', 'Zambia'::public.region_level, 81, 73, 90, 13500, 500, 'ZMW', 'up'::public.trend_direction, ARRAY['zda', 'gojobs', 'jobweb', 'greatjobs']::text[], '2026-05-31'::date),
  ('renewable_energy_technician', 'Africa'::public.region_level, 86, 78, 93, 18500, 690, 'ZMW', 'up'::public.trend_direction, ARRAY['afdb', 'brighter', 'fuzu', 'ilostat']::text[], '2026-03-31'::date),
  ('renewable_energy_technician', 'Global'::public.region_level, 89, 82, 92, 59100, 2200, 'ZMW', 'up'::public.trend_direction, ARRAY['bls', 'wef', 'indeed', 'onet']::text[], '2026-04-30'::date),
  ('mining_engineer', 'Zambia'::public.region_level, 88, 88, 84, 28000, 1040, 'ZMW', 'steady'::public.trend_direction, ARRAY['greatjobs', 'zda', 'jobweb', 'zamstats']::text[], '2026-05-31'::date),
  ('mining_engineer', 'Africa'::public.region_level, 83, 90, 78, 36000, 1340, 'ZMW', 'steady'::public.trend_direction, ARRAY['afdb', 'pnet', 'ilostat']::text[], '2026-03-31'::date),
  ('mining_engineer', 'Global'::public.region_level, 72, 92, 70, 103000, 3830, 'ZMW', 'steady'::public.trend_direction, ARRAY['bls', 'onet', 'indeed']::text[], '2026-04-30'::date),
  ('agronomist', 'Zambia'::public.region_level, 86, 68, 94, 11500, 430, 'ZMW', 'up'::public.trend_direction, ARRAY['zda', 'zamstats', 'gojobs', 'jobweb']::text[], '2026-05-31'::date),
  ('agronomist', 'Africa'::public.region_level, 88, 72, 95, 16500, 615, 'ZMW', 'up'::public.trend_direction, ARRAY['afdb', 'fuzu', 'ilostat', 'brighter']::text[], '2026-03-31'::date),
  ('agronomist', 'Global'::public.region_level, 76, 75, 86, 62600, 2330, 'ZMW', 'up'::public.trend_direction, ARRAY['onet', 'bls', 'wef']::text[], '2026-04-30'::date),
  ('nurse', 'Zambia'::public.region_level, 91, 70, 96, 12500, 465, 'ZMW', 'up'::public.trend_direction, ARRAY['psc', 'jobweb', 'zamstats', 'ilostat']::text[], '2026-05-31'::date),
  ('nurse', 'Africa'::public.region_level, 93, 74, 97, 18000, 670, 'ZMW', 'up'::public.trend_direction, ARRAY['reliefweb', 'fuzu', 'ilostat', 'afdb']::text[], '2026-03-31'::date),
  ('nurse', 'Global'::public.region_level, 90, 82, 95, 77400, 2880, 'ZMW', 'up'::public.trend_direction, ARRAY['bls', 'onet', 'wef']::text[], '2026-04-30'::date),
  ('clinical_officer', 'Zambia'::public.region_level, 89, 69, 97, 11800, 440, 'ZMW', 'up'::public.trend_direction, ARRAY['psc', 'jobweb', 'zamstats', 'reliefweb']::text[], '2026-05-31'::date),
  ('clinical_officer', 'Africa'::public.region_level, 90, 73, 96, 17000, 630, 'ZMW', 'up'::public.trend_direction, ARRAY['reliefweb', 'ilostat', 'afdb']::text[], '2026-03-31'::date),
  ('clinical_officer', 'Global'::public.region_level, 78, 76, 88, 54800, 2040, 'ZMW', 'up'::public.trend_direction, ARRAY['onet', 'wef']::text[], '2026-04-30'::date),
  ('teacher_stem', 'Zambia'::public.region_level, 82, 62, 93, 9000, 335, 'ZMW', 'up'::public.trend_direction, ARRAY['psc', 'zamstats', 'jobweb', 'zda']::text[], '2026-05-31'::date),
  ('teacher_stem', 'Africa'::public.region_level, 85, 66, 94, 13500, 500, 'ZMW', 'up'::public.trend_direction, ARRAY['afdb', 'ilostat', 'reliefweb']::text[], '2026-03-31'::date),
  ('teacher_stem', 'Global'::public.region_level, 76, 72, 87, 61000, 2270, 'ZMW', 'steady'::public.trend_direction, ARRAY['bls', 'onet', 'wef']::text[], '2026-04-30'::date),
  ('accountant', 'Zambia'::public.region_level, 85, 74, 80, 14500, 540, 'ZMW', 'steady'::public.trend_direction, ARRAY['jobweb', 'gojobs', 'zambiajob', 'zamstats']::text[], '2026-05-31'::date),
  ('accountant', 'Africa'::public.region_level, 84, 78, 81, 21000, 780, 'ZMW', 'steady'::public.trend_direction, ARRAY['jobberman', 'pnet', 'fuzu', 'ilostat']::text[], '2026-03-31'::date),
  ('accountant', 'Global'::public.region_level, 79, 82, 76, 75400, 2800, 'ZMW', 'steady'::public.trend_direction, ARRAY['bls', 'onet', 'indeed']::text[], '2026-04-30'::date),
  ('financial_analyst', 'Zambia'::public.region_level, 70, 82, 74, 20000, 745, 'ZMW', 'steady'::public.trend_direction, ARRAY['linkedin', 'jobweb', 'zda']::text[], '2026-05-31'::date),
  ('financial_analyst', 'Africa'::public.region_level, 78, 88, 80, 31000, 1150, 'ZMW', 'up'::public.trend_direction, ARRAY['pnet', 'jobberman', 'afdb']::text[], '2026-03-31'::date),
  ('financial_analyst', 'Global'::public.region_level, 83, 92, 84, 99600, 3700, 'ZMW', 'up'::public.trend_direction, ARRAY['bls', 'onet', 'linkedin']::text[], '2026-04-30'::date),
  ('project_manager', 'Zambia'::public.region_level, 83, 78, 84, 18000, 670, 'ZMW', 'up'::public.trend_direction, ARRAY['jobweb', 'reliefweb', 'zda', 'gojobs']::text[], '2026-05-31'::date),
  ('project_manager', 'Africa'::public.region_level, 86, 84, 87, 29000, 1080, 'ZMW', 'up'::public.trend_direction, ARRAY['fuzu', 'jobberman', 'pnet', 'afdb']::text[], '2026-03-31'::date),
  ('project_manager', 'Global'::public.region_level, 88, 89, 88, 98000, 3650, 'ZMW', 'up'::public.trend_direction, ARRAY['linkedin', 'indeed', 'bls', 'wef']::text[], '2026-04-30'::date),
  ('supply_chain_manager', 'Zambia'::public.region_level, 87, 76, 88, 16500, 615, 'ZMW', 'up'::public.trend_direction, ARRAY['jobweb', 'gojobs', 'zda', 'greatjobs']::text[], '2026-05-31'::date),
  ('supply_chain_manager', 'Africa'::public.region_level, 89, 82, 90, 26000, 970, 'ZMW', 'up'::public.trend_direction, ARRAY['brighter', 'jobberman', 'afdb', 'ilostat']::text[], '2026-03-31'::date),
  ('supply_chain_manager', 'Global'::public.region_level, 86, 87, 86, 96000, 3570, 'ZMW', 'steady'::public.trend_direction, ARRAY['bls', 'onet', 'indeed']::text[], '2026-04-30'::date),
  ('civil_engineer', 'Zambia'::public.region_level, 84, 79, 91, 18000, 670, 'ZMW', 'up'::public.trend_direction, ARRAY['psc', 'zda', 'gojobs', 'jobweb']::text[], '2026-05-31'::date),
  ('civil_engineer', 'Africa'::public.region_level, 87, 83, 92, 27500, 1020, 'ZMW', 'up'::public.trend_direction, ARRAY['afdb', 'pnet', 'brighter']::text[], '2026-03-31'::date),
  ('civil_engineer', 'Global'::public.region_level, 82, 87, 86, 95100, 3540, 'ZMW', 'steady'::public.trend_direction, ARRAY['bls', 'onet', 'indeed']::text[], '2026-04-30'::date),
  ('electrical_engineer', 'Zambia'::public.region_level, 83, 82, 89, 20000, 745, 'ZMW', 'up'::public.trend_direction, ARRAY['zda', 'greatjobs', 'jobweb']::text[], '2026-05-31'::date),
  ('electrical_engineer', 'Africa'::public.region_level, 86, 87, 91, 30000, 1120, 'ZMW', 'up'::public.trend_direction, ARRAY['afdb', 'pnet', 'fuzu']::text[], '2026-03-31'::date),
  ('electrical_engineer', 'Global'::public.region_level, 85, 91, 90, 105000, 3910, 'ZMW', 'up'::public.trend_direction, ARRAY['bls', 'onet', 'wef']::text[], '2026-04-30'::date),
  ('environmental_scientist', 'Zambia'::public.region_level, 76, 66, 88, 12000, 445, 'ZMW', 'up'::public.trend_direction, ARRAY['zda', 'reliefweb', 'jobweb', 'zamstats']::text[], '2026-05-31'::date),
  ('environmental_scientist', 'Africa'::public.region_level, 82, 72, 91, 18500, 690, 'ZMW', 'up'::public.trend_direction, ARRAY['afdb', 'reliefweb', 'ilostat']::text[], '2026-03-31'::date),
  ('environmental_scientist', 'Global'::public.region_level, 81, 79, 90, 81200, 3020, 'ZMW', 'up'::public.trend_direction, ARRAY['bls', 'onet', 'wef']::text[], '2026-04-30'::date),
  ('public_health_specialist', 'Zambia'::public.region_level, 86, 71, 95, 14500, 540, 'ZMW', 'up'::public.trend_direction, ARRAY['reliefweb', 'psc', 'jobweb', 'zamstats']::text[], '2026-05-31'::date),
  ('public_health_specialist', 'Africa'::public.region_level, 91, 78, 96, 23500, 875, 'ZMW', 'up'::public.trend_direction, ARRAY['reliefweb', 'afdb', 'ilostat']::text[], '2026-03-31'::date),
  ('public_health_specialist', 'Global'::public.region_level, 89, 86, 94, 85000, 3160, 'ZMW', 'up'::public.trend_direction, ARRAY['bls', 'wef', 'onet']::text[], '2026-04-30'::date),
  ('monitoring_evaluation', 'Zambia'::public.region_level, 88, 73, 91, 14500, 540, 'ZMW', 'up'::public.trend_direction, ARRAY['reliefweb', 'jobweb', 'alljobspo', 'gojobs']::text[], '2026-05-31'::date),
  ('monitoring_evaluation', 'Africa'::public.region_level, 92, 79, 93, 23000, 855, 'ZMW', 'up'::public.trend_direction, ARRAY['reliefweb', 'fuzu', 'afdb']::text[], '2026-03-31'::date),
  ('monitoring_evaluation', 'Global'::public.region_level, 80, 82, 85, 70000, 2600, 'ZMW', 'steady'::public.trend_direction, ARRAY['reliefweb', 'onet', 'wef']::text[], '2026-04-30'::date),
  ('digital_marketer', 'Zambia'::public.region_level, 79, 69, 74, 12000, 445, 'ZMW', 'up'::public.trend_direction, ARRAY['gojobs', 'jobweb', 'linkedin']::text[], '2026-05-31'::date),
  ('digital_marketer', 'Africa'::public.region_level, 84, 76, 80, 19000, 705, 'ZMW', 'up'::public.trend_direction, ARRAY['fuzu', 'brighter', 'jobberman']::text[], '2026-03-31'::date),
  ('digital_marketer', 'Global'::public.region_level, 88, 84, 83, 74000, 2750, 'ZMW', 'up'::public.trend_direction, ARRAY['indeed', 'linkedin', 'builtin']::text[], '2026-04-30'::date),
  ('ux_designer', 'Zambia'::public.region_level, 61, 74, 70, 15000, 560, 'ZMW', 'up'::public.trend_direction, ARRAY['linkedin', 'jobweb', 'zda']::text[], '2026-05-31'::date),
  ('ux_designer', 'Africa'::public.region_level, 76, 82, 80, 25000, 930, 'ZMW', 'up'::public.trend_direction, ARRAY['fuzu', 'pnet', 'brighter']::text[], '2026-03-31'::date),
  ('ux_designer', 'Global'::public.region_level, 88, 89, 87, 91000, 3390, 'ZMW', 'up'::public.trend_direction, ARRAY['builtin', 'wellfound', 'linkedin', 'wef']::text[], '2026-04-30'::date),
  ('heavy_mechanic', 'Zambia'::public.region_level, 86, 72, 87, 13000, 485, 'ZMW', 'steady'::public.trend_direction, ARRAY['greatjobs', 'zda', 'gojobs', 'jobweb']::text[], '2026-05-31'::date),
  ('heavy_mechanic', 'Africa'::public.region_level, 83, 76, 84, 19000, 705, 'ZMW', 'steady'::public.trend_direction, ARRAY['pnet', 'brighter', 'afdb']::text[], '2026-03-31'::date),
  ('heavy_mechanic', 'Global'::public.region_level, 78, 81, 80, 64200, 2390, 'ZMW', 'steady'::public.trend_direction, ARRAY['bls', 'onet', 'indeed']::text[], '2026-04-30'::date),
  ('hospitality_manager', 'Zambia'::public.region_level, 74, 62, 82, 9500, 355, 'ZMW', 'up'::public.trend_direction, ARRAY['zda', 'jobweb', 'gojobs']::text[], '2026-05-31'::date),
  ('hospitality_manager', 'Africa'::public.region_level, 80, 68, 86, 14500, 540, 'ZMW', 'up'::public.trend_direction, ARRAY['brighter', 'fuzu', 'afdb']::text[], '2026-03-31'::date),
  ('hospitality_manager', 'Global'::public.region_level, 76, 75, 81, 65000, 2420, 'ZMW', 'up'::public.trend_direction, ARRAY['bls', 'indeed', 'onet']::text[], '2026-04-30'::date),
  ('entrepreneur_sme', 'Zambia'::public.region_level, 72, 83, 89, 18000, 670, 'ZMW', 'up'::public.trend_direction, ARRAY['zda', 'afdb', 'zamstats']::text[], '2026-05-31'::date),
  ('entrepreneur_sme', 'Africa'::public.region_level, 78, 86, 91, 27000, 1005, 'ZMW', 'up'::public.trend_direction, ARRAY['afdb', 'wef', 'ilostat']::text[], '2026-03-31'::date),
  ('entrepreneur_sme', 'Global'::public.region_level, 80, 90, 88, 85000, 3160, 'ZMW', 'up'::public.trend_direction, ARRAY['wef', 'payscale', 'linkedin']::text[], '2026-04-30'::date),
  ('water_sanitation_engineer', 'Zambia'::public.region_level, 82, 74, 94, 16000, 595, 'ZMW', 'up'::public.trend_direction, ARRAY['reliefweb', 'zda', 'psc', 'jobweb']::text[], '2026-05-31'::date),
  ('water_sanitation_engineer', 'Africa'::public.region_level, 88, 80, 96, 24500, 910, 'ZMW', 'up'::public.trend_direction, ARRAY['reliefweb', 'afdb', 'ilostat']::text[], '2026-03-31'::date),
  ('water_sanitation_engineer', 'Global'::public.region_level, 83, 86, 92, 89000, 3310, 'ZMW', 'up'::public.trend_direction, ARRAY['bls', 'onet', 'wef']::text[], '2026-04-30'::date),
  ('cloud_solutions_architect', 'Zambia'::public.region_level, 72, 88, 84, 26000, 965, 'ZMW', 'up'::public.trend_direction, ARRAY['linkedin', 'jobweb', 'microsoft_learn', 'google_certs']::text[], '2026-05-31'::date),
  ('cloud_solutions_architect', 'Africa'::public.region_level, 84, 92, 90, 42000, 1560, 'ZMW', 'up'::public.trend_direction, ARRAY['pnet', 'fuzu', 'coursera', 'microsoft_learn']::text[], '2026-03-31'::date),
  ('cloud_solutions_architect', 'Global'::public.region_level, 95, 96, 94, 130000, 4830, 'ZMW', 'up'::public.trend_direction, ARRAY['linkedin', 'indeed', 'builtin', 'microsoft_learn']::text[], '2026-04-30'::date),
  ('product_manager', 'Zambia'::public.region_level, 63, 82, 74, 22000, 815, 'ZMW', 'up'::public.trend_direction, ARRAY['linkedin', 'jobweb', 'zda']::text[], '2026-05-31'::date),
  ('product_manager', 'Africa'::public.region_level, 78, 90, 83, 38000, 1410, 'ZMW', 'up'::public.trend_direction, ARRAY['pnet', 'fuzu', 'jobberman']::text[], '2026-03-31'::date),
  ('product_manager', 'Global'::public.region_level, 91, 95, 88, 125000, 4650, 'ZMW', 'up'::public.trend_direction, ARRAY['linkedin', 'builtin', 'wellfound']::text[], '2026-04-30'::date),
  ('gis_specialist', 'Zambia'::public.region_level, 78, 70, 89, 13500, 500, 'ZMW', 'up'::public.trend_direction, ARRAY['zda', 'zamstats', 'reliefweb', 'jobweb']::text[], '2026-05-31'::date),
  ('gis_specialist', 'Africa'::public.region_level, 84, 76, 91, 21000, 780, 'ZMW', 'up'::public.trend_direction, ARRAY['afdb', 'reliefweb', 'fuzu']::text[], '2026-03-31'::date),
  ('gis_specialist', 'Global'::public.region_level, 82, 84, 90, 78000, 2900, 'ZMW', 'up'::public.trend_direction, ARRAY['onet', 'bls', 'wef']::text[], '2026-04-30'::date),
  ('actuary', 'Zambia'::public.region_level, 55, 90, 72, 26000, 965, 'ZMW', 'steady'::public.trend_direction, ARRAY['linkedin', 'jobweb', 'payscale']::text[], '2026-05-31'::date),
  ('actuary', 'Africa'::public.region_level, 70, 94, 80, 45000, 1670, 'ZMW', 'up'::public.trend_direction, ARRAY['pnet', 'jobberman', 'payscale']::text[], '2026-03-31'::date),
  ('actuary', 'Global'::public.region_level, 82, 97, 86, 120000, 4460, 'ZMW', 'up'::public.trend_direction, ARRAY['bls', 'onet', 'payscale']::text[], '2026-04-30'::date),
  ('veterinary_technician', 'Zambia'::public.region_level, 79, 58, 91, 8500, 315, 'ZMW', 'up'::public.trend_direction, ARRAY['zda', 'zamstats', 'fao_jobs', 'jobweb']::text[], '2026-05-31'::date),
  ('veterinary_technician', 'Africa'::public.region_level, 83, 64, 93, 13000, 485, 'ZMW', 'up'::public.trend_direction, ARRAY['afdb', 'fao_jobs', 'ilostat']::text[], '2026-03-31'::date),
  ('veterinary_technician', 'Global'::public.region_level, 72, 73, 86, 45500, 1690, 'ZMW', 'steady'::public.trend_direction, ARRAY['onet', 'bls', 'fao_jobs']::text[], '2026-04-30'::date),
  ('automation_technician', 'Zambia'::public.region_level, 74, 76, 86, 15500, 575, 'ZMW', 'up'::public.trend_direction, ARRAY['zda', 'greatjobs', 'jobweb', 'tevetazm']::text[], '2026-05-31'::date),
  ('automation_technician', 'Africa'::public.region_level, 82, 83, 89, 26000, 965, 'ZMW', 'up'::public.trend_direction, ARRAY['pnet', 'afdb', 'brighter']::text[], '2026-03-31'::date),
  ('automation_technician', 'Global'::public.region_level, 90, 91, 92, 72000, 2680, 'ZMW', 'up'::public.trend_direction, ARRAY['bls', 'onet', 'wef']::text[], '2026-04-30'::date),
  ('telecom_network_engineer', 'Zambia'::public.region_level, 80, 78, 85, 17500, 650, 'ZMW', 'up'::public.trend_direction, ARRAY['linkedin', 'jobweb', 'gojobs', 'cisco_netacad']::text[], '2026-05-31'::date),
  ('telecom_network_engineer', 'Africa'::public.region_level, 85, 84, 88, 28500, 1060, 'ZMW', 'up'::public.trend_direction, ARRAY['pnet', 'fuzu', 'cisco_netacad']::text[], '2026-03-31'::date),
  ('telecom_network_engineer', 'Global'::public.region_level, 83, 88, 86, 91000, 3380, 'ZMW', 'steady'::public.trend_direction, ARRAY['bls', 'onet', 'linkedin']::text[], '2026-04-30'::date),
  ('construction_manager', 'Zambia'::public.region_level, 84, 77, 90, 19000, 705, 'ZMW', 'up'::public.trend_direction, ARRAY['zda', 'psc', 'jobweb', 'greatjobs']::text[], '2026-05-31'::date),
  ('construction_manager', 'Africa'::public.region_level, 87, 84, 91, 31000, 1150, 'ZMW', 'up'::public.trend_direction, ARRAY['afdb', 'pnet', 'brighter']::text[], '2026-03-31'::date),
  ('construction_manager', 'Global'::public.region_level, 86, 90, 88, 104000, 3870, 'ZMW', 'up'::public.trend_direction, ARRAY['bls', 'onet', 'indeed']::text[], '2026-04-30'::date),
  ('social_worker', 'Zambia'::public.region_level, 82, 55, 94, 8000, 300, 'ZMW', 'up'::public.trend_direction, ARRAY['reliefweb', 'psc', 'jobweb', 'alljobspo']::text[], '2026-05-31'::date),
  ('social_worker', 'Africa'::public.region_level, 86, 62, 95, 12500, 465, 'ZMW', 'up'::public.trend_direction, ARRAY['reliefweb', 'afdb', 'ilostat']::text[], '2026-03-31'::date),
  ('social_worker', 'Global'::public.region_level, 80, 74, 91, 58000, 2160, 'ZMW', 'up'::public.trend_direction, ARRAY['bls', 'onet', 'reliefweb']::text[], '2026-04-30'::date),
  ('multimedia_producer', 'Zambia'::public.region_level, 73, 64, 70, 10500, 390, 'ZMW', 'up'::public.trend_direction, ARRAY['linkedin', 'jobweb', 'gojobs']::text[], '2026-05-31'::date),
  ('multimedia_producer', 'Africa'::public.region_level, 79, 72, 76, 18000, 670, 'ZMW', 'up'::public.trend_direction, ARRAY['fuzu', 'jobberman', 'brighter']::text[], '2026-03-31'::date),
  ('multimedia_producer', 'Global'::public.region_level, 86, 82, 82, 71000, 2640, 'ZMW', 'up'::public.trend_direction, ARRAY['linkedin', 'indeed', 'builtin']::text[], '2026-04-30'::date)
on conflict (career_id, region) do update set
  marketability_score = excluded.marketability_score,
  profitability_score = excluded.profitability_score,
  demand_score = excluded.demand_score,
  median_salary_local = excluded.median_salary_local,
  median_salary_usd = excluded.median_salary_usd,
  currency_code = excluded.currency_code,
  trend = excluded.trend,
  source_ids = excluded.source_ids,
  last_updated = excluded.last_updated,
  updated_at = now();

-- 4) Learning links: refresh seeded video/blog links
delete from public.learning_links where career_id in ('software_developer', 'data_analyst', 'cybersecurity_analyst', 'ai_ml_specialist', 'renewable_energy_technician', 'mining_engineer', 'agronomist', 'nurse', 'clinical_officer', 'teacher_stem', 'accountant', 'financial_analyst', 'project_manager', 'supply_chain_manager', 'civil_engineer', 'electrical_engineer', 'environmental_scientist', 'public_health_specialist', 'monitoring_evaluation', 'digital_marketer', 'ux_designer', 'heavy_mechanic', 'hospitality_manager', 'entrepreneur_sme', 'water_sanitation_engineer', 'cloud_solutions_architect', 'product_manager', 'gis_specialist', 'actuary', 'veterinary_technician', 'automation_technician', 'telecom_network_engineer', 'construction_manager', 'social_worker', 'multimedia_producer');
insert into public.learning_links (career_id, category, title, description, url, link_type, embed_url, provider, active) values
  ('software_developer', 'Technology', 'Software Developer career roadmap for beginners', 'Curated YouTube learning topic. Review creator quality before relying on advice.', 'https://www.youtube.com/results?search_query=Software%20Developer%20career%20roadmap%20for%20beginners', 'youtube', 'https://www.youtube.com/embed?listType=search&list=Software%20Developer%20career%20roadmap%20for%20beginners', 'YouTube', true),
  ('software_developer', 'Technology', 'Software Developer day in the life Africa', 'Curated YouTube learning topic. Review creator quality before relying on advice.', 'https://www.youtube.com/results?search_query=Software%20Developer%20day%20in%20the%20life%20Africa', 'youtube', 'https://www.youtube.com/embed?listType=search&list=Software%20Developer%20day%20in%20the%20life%20Africa', 'YouTube', true),
  ('software_developer', 'Technology', 'programming tutorial for Software Developer', 'Curated YouTube learning topic. Review creator quality before relying on advice.', 'https://www.youtube.com/results?search_query=programming%20tutorial%20for%20Software%20Developer', 'youtube', 'https://www.youtube.com/embed?listType=search&list=programming%20tutorial%20for%20Software%20Developer', 'YouTube', true),
  ('software_developer', 'Technology', 'freeCodeCamp News', 'Practical programming, data, cloud and product tutorials.', 'https://www.freecodecamp.org/news/', 'blog', null, 'freecodecamp.org', true),
  ('software_developer', 'Technology', 'Roadmap.sh', 'Role-based developer roadmaps and skill checklists.', 'https://roadmap.sh/', 'blog', null, 'roadmap.sh', true),
  ('software_developer', 'Technology', 'Google Developers Blog', 'Product, web, Android, cloud and AI engineering articles.', 'https://developers.googleblog.com/', 'blog', null, 'developers.googleblog.com', true),
  ('data_analyst', 'Technology', 'Data Analyst career roadmap for beginners', 'Curated YouTube learning topic. Review creator quality before relying on advice.', 'https://www.youtube.com/results?search_query=Data%20Analyst%20career%20roadmap%20for%20beginners', 'youtube', 'https://www.youtube.com/embed?listType=search&list=Data%20Analyst%20career%20roadmap%20for%20beginners', 'YouTube', true),
  ('data_analyst', 'Technology', 'Data Analyst day in the life Africa', 'Curated YouTube learning topic. Review creator quality before relying on advice.', 'https://www.youtube.com/results?search_query=Data%20Analyst%20day%20in%20the%20life%20Africa', 'youtube', 'https://www.youtube.com/embed?listType=search&list=Data%20Analyst%20day%20in%20the%20life%20Africa', 'YouTube', true),
  ('data_analyst', 'Technology', 'excel tutorial for Data Analyst', 'Curated YouTube learning topic. Review creator quality before relying on advice.', 'https://www.youtube.com/results?search_query=excel%20tutorial%20for%20Data%20Analyst', 'youtube', 'https://www.youtube.com/embed?listType=search&list=excel%20tutorial%20for%20Data%20Analyst', 'YouTube', true),
  ('data_analyst', 'Technology', 'freeCodeCamp News', 'Practical programming, data, cloud and product tutorials.', 'https://www.freecodecamp.org/news/', 'blog', null, 'freecodecamp.org', true),
  ('data_analyst', 'Technology', 'Roadmap.sh', 'Role-based developer roadmaps and skill checklists.', 'https://roadmap.sh/', 'blog', null, 'roadmap.sh', true),
  ('data_analyst', 'Technology', 'Google Developers Blog', 'Product, web, Android, cloud and AI engineering articles.', 'https://developers.googleblog.com/', 'blog', null, 'developers.googleblog.com', true),
  ('cybersecurity_analyst', 'Technology', 'Cybersecurity Analyst career roadmap for beginners', 'Curated YouTube learning topic. Review creator quality before relying on advice.', 'https://www.youtube.com/results?search_query=Cybersecurity%20Analyst%20career%20roadmap%20for%20beginners', 'youtube', 'https://www.youtube.com/embed?listType=search&list=Cybersecurity%20Analyst%20career%20roadmap%20for%20beginners', 'YouTube', true),
  ('cybersecurity_analyst', 'Technology', 'Cybersecurity Analyst day in the life Africa', 'Curated YouTube learning topic. Review creator quality before relying on advice.', 'https://www.youtube.com/results?search_query=Cybersecurity%20Analyst%20day%20in%20the%20life%20Africa', 'youtube', 'https://www.youtube.com/embed?listType=search&list=Cybersecurity%20Analyst%20day%20in%20the%20life%20Africa', 'YouTube', true),
  ('cybersecurity_analyst', 'Technology', 'networking tutorial for Cybersecurity Analyst', 'Curated YouTube learning topic. Review creator quality before relying on advice.', 'https://www.youtube.com/results?search_query=networking%20tutorial%20for%20Cybersecurity%20Analyst', 'youtube', 'https://www.youtube.com/embed?listType=search&list=networking%20tutorial%20for%20Cybersecurity%20Analyst', 'YouTube', true),
  ('cybersecurity_analyst', 'Technology', 'freeCodeCamp News', 'Practical programming, data, cloud and product tutorials.', 'https://www.freecodecamp.org/news/', 'blog', null, 'freecodecamp.org', true),
  ('cybersecurity_analyst', 'Technology', 'Roadmap.sh', 'Role-based developer roadmaps and skill checklists.', 'https://roadmap.sh/', 'blog', null, 'roadmap.sh', true),
  ('cybersecurity_analyst', 'Technology', 'Google Developers Blog', 'Product, web, Android, cloud and AI engineering articles.', 'https://developers.googleblog.com/', 'blog', null, 'developers.googleblog.com', true),
  ('ai_ml_specialist', 'Technology', 'AI / Machine Learning Specialist career roadmap for beginners', 'Curated YouTube learning topic. Review creator quality before relying on advice.', 'https://www.youtube.com/results?search_query=AI%20%2F%20Machine%20Learning%20Specialist%20career%20roadmap%20for%20beginners', 'youtube', 'https://www.youtube.com/embed?listType=search&list=AI%20%2F%20Machine%20Learning%20Specialist%20career%20roadmap%20for%20beginners', 'YouTube', true),
  ('ai_ml_specialist', 'Technology', 'AI / Machine Learning Specialist day in the life Africa', 'Curated YouTube learning topic. Review creator quality before relying on advice.', 'https://www.youtube.com/results?search_query=AI%20%2F%20Machine%20Learning%20Specialist%20day%20in%20the%20life%20Africa', 'youtube', 'https://www.youtube.com/embed?listType=search&list=AI%20%2F%20Machine%20Learning%20Specialist%20day%20in%20the%20life%20Africa', 'YouTube', true),
  ('ai_ml_specialist', 'Technology', 'python tutorial for AI / Machine Learning Specialist', 'Curated YouTube learning topic. Review creator quality before relying on advice.', 'https://www.youtube.com/results?search_query=python%20tutorial%20for%20AI%20%2F%20Machine%20Learning%20Specialist', 'youtube', 'https://www.youtube.com/embed?listType=search&list=python%20tutorial%20for%20AI%20%2F%20Machine%20Learning%20Specialist', 'YouTube', true),
  ('ai_ml_specialist', 'Technology', 'freeCodeCamp News', 'Practical programming, data, cloud and product tutorials.', 'https://www.freecodecamp.org/news/', 'blog', null, 'freecodecamp.org', true),
  ('ai_ml_specialist', 'Technology', 'Roadmap.sh', 'Role-based developer roadmaps and skill checklists.', 'https://roadmap.sh/', 'blog', null, 'roadmap.sh', true),
  ('ai_ml_specialist', 'Technology', 'Google Developers Blog', 'Product, web, Android, cloud and AI engineering articles.', 'https://developers.googleblog.com/', 'blog', null, 'developers.googleblog.com', true),
  ('renewable_energy_technician', 'Energy', 'Renewable Energy Technician career roadmap for beginners', 'Curated YouTube learning topic. Review creator quality before relying on advice.', 'https://www.youtube.com/results?search_query=Renewable%20Energy%20Technician%20career%20roadmap%20for%20beginners', 'youtube', 'https://www.youtube.com/embed?listType=search&list=Renewable%20Energy%20Technician%20career%20roadmap%20for%20beginners', 'YouTube', true),
  ('renewable_energy_technician', 'Energy', 'Renewable Energy Technician day in the life Africa', 'Curated YouTube learning topic. Review creator quality before relying on advice.', 'https://www.youtube.com/results?search_query=Renewable%20Energy%20Technician%20day%20in%20the%20life%20Africa', 'youtube', 'https://www.youtube.com/embed?listType=search&list=Renewable%20Energy%20Technician%20day%20in%20the%20life%20Africa', 'YouTube', true),
  ('renewable_energy_technician', 'Energy', 'electrical tutorial for Renewable Energy Technician', 'Curated YouTube learning topic. Review creator quality before relying on advice.', 'https://www.youtube.com/results?search_query=electrical%20tutorial%20for%20Renewable%20Energy%20Technician', 'youtube', 'https://www.youtube.com/embed?listType=search&list=electrical%20tutorial%20for%20Renewable%20Energy%20Technician', 'YouTube', true),
  ('renewable_energy_technician', 'Energy', 'IRENA Knowledge', 'Renewable energy reports, jobs and transition insights.', 'https://www.irena.org/Knowledge', 'blog', null, 'irena.org', true),
  ('renewable_energy_technician', 'Energy', 'EnergySage Solar News', 'Solar technology and market explainers.', 'https://news.energysage.com/', 'blog', null, 'news.energysage.com', true),
  ('renewable_energy_technician', 'Energy', 'World Bank Energy', 'Energy access and infrastructure resources.', 'https://www.worldbank.org/en/topic/energy', 'blog', null, 'worldbank.org', true),
  ('mining_engineer', 'Mining', 'Mining Engineer career roadmap for beginners', 'Curated YouTube learning topic. Review creator quality before relying on advice.', 'https://www.youtube.com/results?search_query=Mining%20Engineer%20career%20roadmap%20for%20beginners', 'youtube', 'https://www.youtube.com/embed?listType=search&list=Mining%20Engineer%20career%20roadmap%20for%20beginners', 'YouTube', true),
  ('mining_engineer', 'Mining', 'Mining Engineer day in the life Africa', 'Curated YouTube learning topic. Review creator quality before relying on advice.', 'https://www.youtube.com/results?search_query=Mining%20Engineer%20day%20in%20the%20life%20Africa', 'youtube', 'https://www.youtube.com/embed?listType=search&list=Mining%20Engineer%20day%20in%20the%20life%20Africa', 'YouTube', true),
  ('mining_engineer', 'Mining', 'geology tutorial for Mining Engineer', 'Curated YouTube learning topic. Review creator quality before relying on advice.', 'https://www.youtube.com/results?search_query=geology%20tutorial%20for%20Mining%20Engineer', 'youtube', 'https://www.youtube.com/embed?listType=search&list=geology%20tutorial%20for%20Mining%20Engineer', 'YouTube', true),
  ('mining_engineer', 'Mining', 'Mining Technology', 'Mining industry trends, technology and project news.', 'https://www.mining-technology.com/', 'blog', null, 'mining-technology.com', true),
  ('mining_engineer', 'Mining', 'Mining.com', 'Mining sector news and commodity trends.', 'https://www.mining.com/', 'blog', null, 'mining.com', true),
  ('mining_engineer', 'Mining', 'ICMM Insights', 'Responsible mining guidance and sustainability resources.', 'https://www.icmm.com/en-gb/our-work', 'blog', null, 'icmm.com', true),
  ('agronomist', 'Agriculture', 'Agronomist career roadmap for beginners', 'Curated YouTube learning topic. Review creator quality before relying on advice.', 'https://www.youtube.com/results?search_query=Agronomist%20career%20roadmap%20for%20beginners', 'youtube', 'https://www.youtube.com/embed?listType=search&list=Agronomist%20career%20roadmap%20for%20beginners', 'YouTube', true),
  ('agronomist', 'Agriculture', 'Agronomist day in the life Africa', 'Curated YouTube learning topic. Review creator quality before relying on advice.', 'https://www.youtube.com/results?search_query=Agronomist%20day%20in%20the%20life%20Africa', 'youtube', 'https://www.youtube.com/embed?listType=search&list=Agronomist%20day%20in%20the%20life%20Africa', 'YouTube', true),
  ('agronomist', 'Agriculture', 'crop science tutorial for Agronomist', 'Curated YouTube learning topic. Review creator quality before relying on advice.', 'https://www.youtube.com/results?search_query=crop%20science%20tutorial%20for%20Agronomist', 'youtube', 'https://www.youtube.com/embed?listType=search&list=crop%20science%20tutorial%20for%20Agronomist', 'YouTube', true),
  ('agronomist', 'Agriculture', 'FAO e-learning Academy', 'Agriculture, food systems and climate learning.', 'https://elearning.fao.org/', 'blog', null, 'elearning.fao.org', true),
  ('agronomist', 'Agriculture', 'CGIAR News', 'Agriculture research and innovation insights.', 'https://www.cgiar.org/news-events/news/', 'blog', null, 'cgiar.org', true),
  ('agronomist', 'Agriculture', 'World Bank Agriculture', 'Agriculture development research and reports.', 'https://www.worldbank.org/en/topic/agriculture', 'blog', null, 'worldbank.org', true),
  ('nurse', 'Healthcare', 'Registered Nurse career roadmap for beginners', 'Curated YouTube learning topic. Review creator quality before relying on advice.', 'https://www.youtube.com/results?search_query=Registered%20Nurse%20career%20roadmap%20for%20beginners', 'youtube', 'https://www.youtube.com/embed?listType=search&list=Registered%20Nurse%20career%20roadmap%20for%20beginners', 'YouTube', true),
  ('nurse', 'Healthcare', 'Registered Nurse day in the life Africa', 'Curated YouTube learning topic. Review creator quality before relying on advice.', 'https://www.youtube.com/results?search_query=Registered%20Nurse%20day%20in%20the%20life%20Africa', 'youtube', 'https://www.youtube.com/embed?listType=search&list=Registered%20Nurse%20day%20in%20the%20life%20Africa', 'YouTube', true),
  ('nurse', 'Healthcare', 'patient care tutorial for Registered Nurse', 'Curated YouTube learning topic. Review creator quality before relying on advice.', 'https://www.youtube.com/results?search_query=patient%20care%20tutorial%20for%20Registered%20Nurse', 'youtube', 'https://www.youtube.com/embed?listType=search&list=patient%20care%20tutorial%20for%20Registered%20Nurse', 'YouTube', true),
  ('nurse', 'Healthcare', 'WHO Academy', 'Public health and clinical learning resources.', 'https://www.who.int/about/who-academy', 'blog', null, 'who.int', true),
  ('nurse', 'Healthcare', 'BMJ Careers', 'Healthcare career development and professional guidance.', 'https://www.bmj.com/careers', 'blog', null, 'bmj.com', true),
  ('nurse', 'Healthcare', 'ReliefWeb Training', 'Humanitarian and health-sector training opportunities.', 'https://reliefweb.int/training', 'blog', null, 'reliefweb.int', true),
  ('clinical_officer', 'Healthcare', 'Clinical Officer career roadmap for beginners', 'Curated YouTube learning topic. Review creator quality before relying on advice.', 'https://www.youtube.com/results?search_query=Clinical%20Officer%20career%20roadmap%20for%20beginners', 'youtube', 'https://www.youtube.com/embed?listType=search&list=Clinical%20Officer%20career%20roadmap%20for%20beginners', 'YouTube', true),
  ('clinical_officer', 'Healthcare', 'Clinical Officer day in the life Africa', 'Curated YouTube learning topic. Review creator quality before relying on advice.', 'https://www.youtube.com/results?search_query=Clinical%20Officer%20day%20in%20the%20life%20Africa', 'youtube', 'https://www.youtube.com/embed?listType=search&list=Clinical%20Officer%20day%20in%20the%20life%20Africa', 'YouTube', true),
  ('clinical_officer', 'Healthcare', 'diagnosis tutorial for Clinical Officer', 'Curated YouTube learning topic. Review creator quality before relying on advice.', 'https://www.youtube.com/results?search_query=diagnosis%20tutorial%20for%20Clinical%20Officer', 'youtube', 'https://www.youtube.com/embed?listType=search&list=diagnosis%20tutorial%20for%20Clinical%20Officer', 'YouTube', true),
  ('clinical_officer', 'Healthcare', 'WHO Academy', 'Public health and clinical learning resources.', 'https://www.who.int/about/who-academy', 'blog', null, 'who.int', true),
  ('clinical_officer', 'Healthcare', 'BMJ Careers', 'Healthcare career development and professional guidance.', 'https://www.bmj.com/careers', 'blog', null, 'bmj.com', true),
  ('clinical_officer', 'Healthcare', 'ReliefWeb Training', 'Humanitarian and health-sector training opportunities.', 'https://reliefweb.int/training', 'blog', null, 'reliefweb.int', true),
  ('teacher_stem', 'Education', 'STEM Teacher career roadmap for beginners', 'Curated YouTube learning topic. Review creator quality before relying on advice.', 'https://www.youtube.com/results?search_query=STEM%20Teacher%20career%20roadmap%20for%20beginners', 'youtube', 'https://www.youtube.com/embed?listType=search&list=STEM%20Teacher%20career%20roadmap%20for%20beginners', 'YouTube', true),
  ('teacher_stem', 'Education', 'STEM Teacher day in the life Africa', 'Curated YouTube learning topic. Review creator quality before relying on advice.', 'https://www.youtube.com/results?search_query=STEM%20Teacher%20day%20in%20the%20life%20Africa', 'youtube', 'https://www.youtube.com/embed?listType=search&list=STEM%20Teacher%20day%20in%20the%20life%20Africa', 'YouTube', true),
  ('teacher_stem', 'Education', 'teaching tutorial for STEM Teacher', 'Curated YouTube learning topic. Review creator quality before relying on advice.', 'https://www.youtube.com/results?search_query=teaching%20tutorial%20for%20STEM%20Teacher', 'youtube', 'https://www.youtube.com/embed?listType=search&list=teaching%20tutorial%20for%20STEM%20Teacher', 'YouTube', true),
  ('teacher_stem', 'Education', 'Edutopia', 'Teaching practice, pedagogy and classroom innovation.', 'https://www.edutopia.org/', 'blog', null, 'edutopia.org', true),
  ('teacher_stem', 'Education', 'Khan Academy Blog', 'Learning, maths and education resources.', 'https://blog.khanacademy.org/', 'blog', null, 'blog.khanacademy.org', true),
  ('teacher_stem', 'Education', 'UNESCO Education', 'Education policy, skills and development articles.', 'https://www.unesco.org/en/education', 'blog', null, 'unesco.org', true),
  ('accountant', 'Finance', 'Accountant career roadmap for beginners', 'Curated YouTube learning topic. Review creator quality before relying on advice.', 'https://www.youtube.com/results?search_query=Accountant%20career%20roadmap%20for%20beginners', 'youtube', 'https://www.youtube.com/embed?listType=search&list=Accountant%20career%20roadmap%20for%20beginners', 'YouTube', true),
  ('accountant', 'Finance', 'Accountant day in the life Africa', 'Curated YouTube learning topic. Review creator quality before relying on advice.', 'https://www.youtube.com/results?search_query=Accountant%20day%20in%20the%20life%20Africa', 'youtube', 'https://www.youtube.com/embed?listType=search&list=Accountant%20day%20in%20the%20life%20Africa', 'YouTube', true),
  ('accountant', 'Finance', 'accounting tutorial for Accountant', 'Curated YouTube learning topic. Review creator quality before relying on advice.', 'https://www.youtube.com/results?search_query=accounting%20tutorial%20for%20Accountant', 'youtube', 'https://www.youtube.com/embed?listType=search&list=accounting%20tutorial%20for%20Accountant', 'YouTube', true),
  ('accountant', 'Finance', 'Investopedia', 'Finance, accounting, markets and analysis explainers.', 'https://www.investopedia.com/', 'blog', null, 'investopedia.com', true),
  ('accountant', 'Finance', 'ACCA Insights', 'Accounting and finance profession articles.', 'https://www.accaglobal.com/gb/en/member/discover.html', 'blog', null, 'accaglobal.com', true),
  ('accountant', 'Finance', 'Corporate Finance Institute', 'Financial modelling and finance career resources.', 'https://corporatefinanceinstitute.com/resources/', 'blog', null, 'corporatefinanceinstitute.com', true),
  ('financial_analyst', 'Finance', 'Financial Analyst career roadmap for beginners', 'Curated YouTube learning topic. Review creator quality before relying on advice.', 'https://www.youtube.com/results?search_query=Financial%20Analyst%20career%20roadmap%20for%20beginners', 'youtube', 'https://www.youtube.com/embed?listType=search&list=Financial%20Analyst%20career%20roadmap%20for%20beginners', 'YouTube', true),
  ('financial_analyst', 'Finance', 'Financial Analyst day in the life Africa', 'Curated YouTube learning topic. Review creator quality before relying on advice.', 'https://www.youtube.com/results?search_query=Financial%20Analyst%20day%20in%20the%20life%20Africa', 'youtube', 'https://www.youtube.com/embed?listType=search&list=Financial%20Analyst%20day%20in%20the%20life%20Africa', 'YouTube', true),
  ('financial_analyst', 'Finance', 'financial modelling tutorial for Financial Analyst', 'Curated YouTube learning topic. Review creator quality before relying on advice.', 'https://www.youtube.com/results?search_query=financial%20modelling%20tutorial%20for%20Financial%20Analyst', 'youtube', 'https://www.youtube.com/embed?listType=search&list=financial%20modelling%20tutorial%20for%20Financial%20Analyst', 'YouTube', true),
  ('financial_analyst', 'Finance', 'Investopedia', 'Finance, accounting, markets and analysis explainers.', 'https://www.investopedia.com/', 'blog', null, 'investopedia.com', true),
  ('financial_analyst', 'Finance', 'ACCA Insights', 'Accounting and finance profession articles.', 'https://www.accaglobal.com/gb/en/member/discover.html', 'blog', null, 'accaglobal.com', true),
  ('financial_analyst', 'Finance', 'Corporate Finance Institute', 'Financial modelling and finance career resources.', 'https://corporatefinanceinstitute.com/resources/', 'blog', null, 'corporatefinanceinstitute.com', true),
  ('project_manager', 'Business Operations', 'Project Manager career roadmap for beginners', 'Curated YouTube learning topic. Review creator quality before relying on advice.', 'https://www.youtube.com/results?search_query=Project%20Manager%20career%20roadmap%20for%20beginners', 'youtube', 'https://www.youtube.com/embed?listType=search&list=Project%20Manager%20career%20roadmap%20for%20beginners', 'YouTube', true),
  ('project_manager', 'Business Operations', 'Project Manager day in the life Africa', 'Curated YouTube learning topic. Review creator quality before relying on advice.', 'https://www.youtube.com/results?search_query=Project%20Manager%20day%20in%20the%20life%20Africa', 'youtube', 'https://www.youtube.com/embed?listType=search&list=Project%20Manager%20day%20in%20the%20life%20Africa', 'YouTube', true),
  ('project_manager', 'Business Operations', 'planning tutorial for Project Manager', 'Curated YouTube learning topic. Review creator quality before relying on advice.', 'https://www.youtube.com/results?search_query=planning%20tutorial%20for%20Project%20Manager', 'youtube', 'https://www.youtube.com/embed?listType=search&list=planning%20tutorial%20for%20Project%20Manager', 'YouTube', true),
  ('project_manager', 'Business Operations', 'PMI Thought Leadership', 'Project-management methods and career insights.', 'https://www.pmi.org/learning/thought-leadership', 'blog', null, 'pmi.org', true),
  ('project_manager', 'Business Operations', 'Harvard Business Review', 'Management, strategy and operations articles.', 'https://hbr.org/', 'blog', null, 'hbr.org', true),
  ('project_manager', 'Business Operations', 'McKinsey Insights', 'Business, operations and sector trend reports.', 'https://www.mckinsey.com/featured-insights', 'blog', null, 'mckinsey.com', true),
  ('supply_chain_manager', 'Logistics', 'Supply Chain / Logistics Manager career roadmap for beginners', 'Curated YouTube learning topic. Review creator quality before relying on advice.', 'https://www.youtube.com/results?search_query=Supply%20Chain%20%2F%20Logistics%20Manager%20career%20roadmap%20for%20beginners', 'youtube', 'https://www.youtube.com/embed?listType=search&list=Supply%20Chain%20%2F%20Logistics%20Manager%20career%20roadmap%20for%20beginners', 'YouTube', true),
  ('supply_chain_manager', 'Logistics', 'Supply Chain / Logistics Manager day in the life Africa', 'Curated YouTube learning topic. Review creator quality before relying on advice.', 'https://www.youtube.com/results?search_query=Supply%20Chain%20%2F%20Logistics%20Manager%20day%20in%20the%20life%20Africa', 'youtube', 'https://www.youtube.com/embed?listType=search&list=Supply%20Chain%20%2F%20Logistics%20Manager%20day%20in%20the%20life%20Africa', 'YouTube', true),
  ('supply_chain_manager', 'Logistics', 'procurement tutorial for Supply Chain / Logistics Manager', 'Curated YouTube learning topic. Review creator quality before relying on advice.', 'https://www.youtube.com/results?search_query=procurement%20tutorial%20for%20Supply%20Chain%20%2F%20Logistics%20Manager', 'youtube', 'https://www.youtube.com/embed?listType=search&list=procurement%20tutorial%20for%20Supply%20Chain%20%2F%20Logistics%20Manager', 'YouTube', true),
  ('supply_chain_manager', 'Logistics', 'CIPS Knowledge', 'Procurement and supply-chain guidance.', 'https://www.cips.org/intelligence-hub', 'blog', null, 'cips.org', true),
  ('supply_chain_manager', 'Logistics', 'Supply Chain Dive', 'Supply-chain and logistics industry articles.', 'https://www.supplychaindive.com/', 'blog', null, 'supplychaindive.com', true),
  ('supply_chain_manager', 'Logistics', 'Logistics Management', 'Logistics operations and transport insights.', 'https://www.logisticsmgmt.com/', 'blog', null, 'logisticsmgmt.com', true),
  ('civil_engineer', 'Infrastructure', 'Civil Engineer career roadmap for beginners', 'Curated YouTube learning topic. Review creator quality before relying on advice.', 'https://www.youtube.com/results?search_query=Civil%20Engineer%20career%20roadmap%20for%20beginners', 'youtube', 'https://www.youtube.com/embed?listType=search&list=Civil%20Engineer%20career%20roadmap%20for%20beginners', 'YouTube', true),
  ('civil_engineer', 'Infrastructure', 'Civil Engineer day in the life Africa', 'Curated YouTube learning topic. Review creator quality before relying on advice.', 'https://www.youtube.com/results?search_query=Civil%20Engineer%20day%20in%20the%20life%20Africa', 'youtube', 'https://www.youtube.com/embed?listType=search&list=Civil%20Engineer%20day%20in%20the%20life%20Africa', 'YouTube', true),
  ('civil_engineer', 'Infrastructure', 'engineering design tutorial for Civil Engineer', 'Curated YouTube learning topic. Review creator quality before relying on advice.', 'https://www.youtube.com/results?search_query=engineering%20design%20tutorial%20for%20Civil%20Engineer', 'youtube', 'https://www.youtube.com/embed?listType=search&list=engineering%20design%20tutorial%20for%20Civil%20Engineer', 'YouTube', true),
  ('civil_engineer', 'Infrastructure', 'Engineering.com', 'Engineering projects, skills and technology articles.', 'https://www.engineering.com/', 'blog', null, 'engineering.com', true),
  ('civil_engineer', 'Infrastructure', 'World Bank Infrastructure', 'Infrastructure development research and reports.', 'https://www.worldbank.org/en/topic/infrastructure', 'blog', null, 'worldbank.org', true),
  ('civil_engineer', 'Infrastructure', 'ASCE Source', 'Civil engineering news and professional development.', 'https://source.asce.org/', 'blog', null, 'source.asce.org', true),
  ('electrical_engineer', 'Engineering', 'Electrical Engineer career roadmap for beginners', 'Curated YouTube learning topic. Review creator quality before relying on advice.', 'https://www.youtube.com/results?search_query=Electrical%20Engineer%20career%20roadmap%20for%20beginners', 'youtube', 'https://www.youtube.com/embed?listType=search&list=Electrical%20Engineer%20career%20roadmap%20for%20beginners', 'YouTube', true),
  ('electrical_engineer', 'Engineering', 'Electrical Engineer day in the life Africa', 'Curated YouTube learning topic. Review creator quality before relying on advice.', 'https://www.youtube.com/results?search_query=Electrical%20Engineer%20day%20in%20the%20life%20Africa', 'youtube', 'https://www.youtube.com/embed?listType=search&list=Electrical%20Engineer%20day%20in%20the%20life%20Africa', 'YouTube', true),
  ('electrical_engineer', 'Engineering', 'electrical systems tutorial for Electrical Engineer', 'Curated YouTube learning topic. Review creator quality before relying on advice.', 'https://www.youtube.com/results?search_query=electrical%20systems%20tutorial%20for%20Electrical%20Engineer', 'youtube', 'https://www.youtube.com/embed?listType=search&list=electrical%20systems%20tutorial%20for%20Electrical%20Engineer', 'YouTube', true),
  ('electrical_engineer', 'Engineering', 'LinkedIn Learning Blog', 'Career development articles and role exploration.', 'https://www.linkedin.com/business/learning/blog', 'blog', null, 'linkedin.com', true),
  ('electrical_engineer', 'Engineering', 'Coursera Career Academy', 'Role-based online learning pathways.', 'https://www.coursera.org/career-academy/', 'blog', null, 'coursera.org', true),
  ('electrical_engineer', 'Engineering', 'edX Blog', 'Professional learning articles and programme guidance.', 'https://www.edx.org/blog', 'blog', null, 'edx.org', true),
  ('environmental_scientist', 'Environment', 'Environmental Scientist career roadmap for beginners', 'Curated YouTube learning topic. Review creator quality before relying on advice.', 'https://www.youtube.com/results?search_query=Environmental%20Scientist%20career%20roadmap%20for%20beginners', 'youtube', 'https://www.youtube.com/embed?listType=search&list=Environmental%20Scientist%20career%20roadmap%20for%20beginners', 'YouTube', true),
  ('environmental_scientist', 'Environment', 'Environmental Scientist day in the life Africa', 'Curated YouTube learning topic. Review creator quality before relying on advice.', 'https://www.youtube.com/results?search_query=Environmental%20Scientist%20day%20in%20the%20life%20Africa', 'youtube', 'https://www.youtube.com/embed?listType=search&list=Environmental%20Scientist%20day%20in%20the%20life%20Africa', 'YouTube', true),
  ('environmental_scientist', 'Environment', 'environmental impact tutorial for Environmental Scientist', 'Curated YouTube learning topic. Review creator quality before relying on advice.', 'https://www.youtube.com/results?search_query=environmental%20impact%20tutorial%20for%20Environmental%20Scientist', 'youtube', 'https://www.youtube.com/embed?listType=search&list=environmental%20impact%20tutorial%20for%20Environmental%20Scientist', 'YouTube', true),
  ('environmental_scientist', 'Environment', 'UNEP Stories', 'Environmental sustainability and climate articles.', 'https://www.unep.org/news-and-stories', 'blog', null, 'unep.org', true),
  ('environmental_scientist', 'Environment', 'World Resources Institute', 'Climate, water, land and sustainability insights.', 'https://www.wri.org/insights', 'blog', null, 'wri.org', true),
  ('environmental_scientist', 'Environment', 'Carbon Brief', 'Climate science and policy explainers.', 'https://www.carbonbrief.org/', 'blog', null, 'carbonbrief.org', true),
  ('public_health_specialist', 'Healthcare', 'Public Health Specialist career roadmap for beginners', 'Curated YouTube learning topic. Review creator quality before relying on advice.', 'https://www.youtube.com/results?search_query=Public%20Health%20Specialist%20career%20roadmap%20for%20beginners', 'youtube', 'https://www.youtube.com/embed?listType=search&list=Public%20Health%20Specialist%20career%20roadmap%20for%20beginners', 'YouTube', true),
  ('public_health_specialist', 'Healthcare', 'Public Health Specialist day in the life Africa', 'Curated YouTube learning topic. Review creator quality before relying on advice.', 'https://www.youtube.com/results?search_query=Public%20Health%20Specialist%20day%20in%20the%20life%20Africa', 'youtube', 'https://www.youtube.com/embed?listType=search&list=Public%20Health%20Specialist%20day%20in%20the%20life%20Africa', 'YouTube', true),
  ('public_health_specialist', 'Healthcare', 'epidemiology tutorial for Public Health Specialist', 'Curated YouTube learning topic. Review creator quality before relying on advice.', 'https://www.youtube.com/results?search_query=epidemiology%20tutorial%20for%20Public%20Health%20Specialist', 'youtube', 'https://www.youtube.com/embed?listType=search&list=epidemiology%20tutorial%20for%20Public%20Health%20Specialist', 'YouTube', true),
  ('public_health_specialist', 'Healthcare', 'WHO Academy', 'Public health and clinical learning resources.', 'https://www.who.int/about/who-academy', 'blog', null, 'who.int', true),
  ('public_health_specialist', 'Healthcare', 'BMJ Careers', 'Healthcare career development and professional guidance.', 'https://www.bmj.com/careers', 'blog', null, 'bmj.com', true),
  ('public_health_specialist', 'Healthcare', 'ReliefWeb Training', 'Humanitarian and health-sector training opportunities.', 'https://reliefweb.int/training', 'blog', null, 'reliefweb.int', true),
  ('monitoring_evaluation', 'Development', 'Monitoring & Evaluation Officer career roadmap for beginners', 'Curated YouTube learning topic. Review creator quality before relying on advice.', 'https://www.youtube.com/results?search_query=Monitoring%20%26%20Evaluation%20Officer%20career%20roadmap%20for%20beginners', 'youtube', 'https://www.youtube.com/embed?listType=search&list=Monitoring%20%26%20Evaluation%20Officer%20career%20roadmap%20for%20beginners', 'YouTube', true),
  ('monitoring_evaluation', 'Development', 'Monitoring & Evaluation Officer day in the life Africa', 'Curated YouTube learning topic. Review creator quality before relying on advice.', 'https://www.youtube.com/results?search_query=Monitoring%20%26%20Evaluation%20Officer%20day%20in%20the%20life%20Africa', 'youtube', 'https://www.youtube.com/embed?listType=search&list=Monitoring%20%26%20Evaluation%20Officer%20day%20in%20the%20life%20Africa', 'YouTube', true),
  ('monitoring_evaluation', 'Development', 'data collection tutorial for Monitoring & Evaluation Officer', 'Curated YouTube learning topic. Review creator quality before relying on advice.', 'https://www.youtube.com/results?search_query=data%20collection%20tutorial%20for%20Monitoring%20%26%20Evaluation%20Officer', 'youtube', 'https://www.youtube.com/embed?listType=search&list=data%20collection%20tutorial%20for%20Monitoring%20%26%20Evaluation%20Officer', 'YouTube', true),
  ('monitoring_evaluation', 'Development', 'BetterEvaluation', 'Monitoring, evaluation and learning guidance.', 'https://www.betterevaluation.org/', 'blog', null, 'betterevaluation.org', true),
  ('monitoring_evaluation', 'Development', 'ReliefWeb Updates', 'Humanitarian and development sector updates.', 'https://reliefweb.int/updates', 'blog', null, 'reliefweb.int', true),
  ('monitoring_evaluation', 'Development', 'World Bank Data Blog', 'Development data and analytics articles.', 'https://blogs.worldbank.org/opendata', 'blog', null, 'blogs.worldbank.org', true),
  ('digital_marketer', 'Marketing', 'Digital Marketing Specialist career roadmap for beginners', 'Curated YouTube learning topic. Review creator quality before relying on advice.', 'https://www.youtube.com/results?search_query=Digital%20Marketing%20Specialist%20career%20roadmap%20for%20beginners', 'youtube', 'https://www.youtube.com/embed?listType=search&list=Digital%20Marketing%20Specialist%20career%20roadmap%20for%20beginners', 'YouTube', true),
  ('digital_marketer', 'Marketing', 'Digital Marketing Specialist day in the life Africa', 'Curated YouTube learning topic. Review creator quality before relying on advice.', 'https://www.youtube.com/results?search_query=Digital%20Marketing%20Specialist%20day%20in%20the%20life%20Africa', 'youtube', 'https://www.youtube.com/embed?listType=search&list=Digital%20Marketing%20Specialist%20day%20in%20the%20life%20Africa', 'YouTube', true),
  ('digital_marketer', 'Marketing', 'seo tutorial for Digital Marketing Specialist', 'Curated YouTube learning topic. Review creator quality before relying on advice.', 'https://www.youtube.com/results?search_query=seo%20tutorial%20for%20Digital%20Marketing%20Specialist', 'youtube', 'https://www.youtube.com/embed?listType=search&list=seo%20tutorial%20for%20Digital%20Marketing%20Specialist', 'YouTube', true),
  ('digital_marketer', 'Marketing', 'HubSpot Marketing Blog', 'SEO, content, CRM and digital marketing guides.', 'https://blog.hubspot.com/marketing', 'blog', null, 'blog.hubspot.com', true),
  ('digital_marketer', 'Marketing', 'Google Search Central Blog', 'SEO and search guidance.', 'https://developers.google.com/search/blog', 'blog', null, 'developers.google.com', true),
  ('digital_marketer', 'Marketing', 'Buffer Blog', 'Social media strategy and content marketing articles.', 'https://buffer.com/resources/', 'blog', null, 'buffer.com', true),
  ('ux_designer', 'Product Design', 'UX/UI Designer career roadmap for beginners', 'Curated YouTube learning topic. Review creator quality before relying on advice.', 'https://www.youtube.com/results?search_query=UX%2FUI%20Designer%20career%20roadmap%20for%20beginners', 'youtube', 'https://www.youtube.com/embed?listType=search&list=UX%2FUI%20Designer%20career%20roadmap%20for%20beginners', 'YouTube', true),
  ('ux_designer', 'Product Design', 'UX/UI Designer day in the life Africa', 'Curated YouTube learning topic. Review creator quality before relying on advice.', 'https://www.youtube.com/results?search_query=UX%2FUI%20Designer%20day%20in%20the%20life%20Africa', 'youtube', 'https://www.youtube.com/embed?listType=search&list=UX%2FUI%20Designer%20day%20in%20the%20life%20Africa', 'YouTube', true),
  ('ux_designer', 'Product Design', 'user research tutorial for UX/UI Designer', 'Curated YouTube learning topic. Review creator quality before relying on advice.', 'https://www.youtube.com/results?search_query=user%20research%20tutorial%20for%20UX%2FUI%20Designer', 'youtube', 'https://www.youtube.com/embed?listType=search&list=user%20research%20tutorial%20for%20UX%2FUI%20Designer', 'YouTube', true),
  ('ux_designer', 'Product Design', 'Nielsen Norman Group', 'UX research and usability articles.', 'https://www.nngroup.com/articles/', 'blog', null, 'nngroup.com', true),
  ('ux_designer', 'Product Design', 'Figma Blog', 'Design systems, product design and Figma workflows.', 'https://www.figma.com/blog/', 'blog', null, 'figma.com', true),
  ('ux_designer', 'Product Design', 'UX Collective', 'Product design essays and case studies.', 'https://uxdesign.cc/', 'blog', null, 'uxdesign.cc', true),
  ('heavy_mechanic', 'Trades', 'Heavy Equipment Mechanic career roadmap for beginners', 'Curated YouTube learning topic. Review creator quality before relying on advice.', 'https://www.youtube.com/results?search_query=Heavy%20Equipment%20Mechanic%20career%20roadmap%20for%20beginners', 'youtube', 'https://www.youtube.com/embed?listType=search&list=Heavy%20Equipment%20Mechanic%20career%20roadmap%20for%20beginners', 'YouTube', true),
  ('heavy_mechanic', 'Trades', 'Heavy Equipment Mechanic day in the life Africa', 'Curated YouTube learning topic. Review creator quality before relying on advice.', 'https://www.youtube.com/results?search_query=Heavy%20Equipment%20Mechanic%20day%20in%20the%20life%20Africa', 'youtube', 'https://www.youtube.com/embed?listType=search&list=Heavy%20Equipment%20Mechanic%20day%20in%20the%20life%20Africa', 'YouTube', true),
  ('heavy_mechanic', 'Trades', 'mechanics tutorial for Heavy Equipment Mechanic', 'Curated YouTube learning topic. Review creator quality before relying on advice.', 'https://www.youtube.com/results?search_query=mechanics%20tutorial%20for%20Heavy%20Equipment%20Mechanic', 'youtube', 'https://www.youtube.com/embed?listType=search&list=mechanics%20tutorial%20for%20Heavy%20Equipment%20Mechanic', 'YouTube', true),
  ('heavy_mechanic', 'Trades', 'iFixit Guides', 'Repair mindset and technical teardown guides.', 'https://www.ifixit.com/Guide', 'blog', null, 'ifixit.com', true),
  ('heavy_mechanic', 'Trades', 'Machine Design', 'Mechanical systems and engineering explainers.', 'https://www.machinedesign.com/', 'blog', null, 'machinedesign.com', true),
  ('heavy_mechanic', 'Trades', 'SafetyCulture Topics', 'Workplace safety, maintenance and compliance guides.', 'https://safetyculture.com/topics/', 'blog', null, 'safetyculture.com', true),
  ('hospitality_manager', 'Hospitality', 'Hospitality / Tourism Manager career roadmap for beginners', 'Curated YouTube learning topic. Review creator quality before relying on advice.', 'https://www.youtube.com/results?search_query=Hospitality%20%2F%20Tourism%20Manager%20career%20roadmap%20for%20beginners', 'youtube', 'https://www.youtube.com/embed?listType=search&list=Hospitality%20%2F%20Tourism%20Manager%20career%20roadmap%20for%20beginners', 'YouTube', true),
  ('hospitality_manager', 'Hospitality', 'Hospitality / Tourism Manager day in the life Africa', 'Curated YouTube learning topic. Review creator quality before relying on advice.', 'https://www.youtube.com/results?search_query=Hospitality%20%2F%20Tourism%20Manager%20day%20in%20the%20life%20Africa', 'youtube', 'https://www.youtube.com/embed?listType=search&list=Hospitality%20%2F%20Tourism%20Manager%20day%20in%20the%20life%20Africa', 'YouTube', true),
  ('hospitality_manager', 'Hospitality', 'customer service tutorial for Hospitality / Tourism Manager', 'Curated YouTube learning topic. Review creator quality before relying on advice.', 'https://www.youtube.com/results?search_query=customer%20service%20tutorial%20for%20Hospitality%20%2F%20Tourism%20Manager', 'youtube', 'https://www.youtube.com/embed?listType=search&list=customer%20service%20tutorial%20for%20Hospitality%20%2F%20Tourism%20Manager', 'YouTube', true),
  ('hospitality_manager', 'Hospitality', 'Hospitality Net', 'Hospitality and tourism industry insights.', 'https://www.hospitalitynet.org/', 'blog', null, 'hospitalitynet.org', true),
  ('hospitality_manager', 'Hospitality', 'UN Tourism', 'Tourism market and development insights.', 'https://www.unwto.org/news', 'blog', null, 'unwto.org', true),
  ('hospitality_manager', 'Hospitality', 'EHL Insights', 'Hospitality management and career articles.', 'https://hospitalityinsights.ehl.edu/', 'blog', null, 'hospitalityinsights.ehl.edu', true),
  ('entrepreneur_sme', 'Business', 'SME Entrepreneur career roadmap for beginners', 'Curated YouTube learning topic. Review creator quality before relying on advice.', 'https://www.youtube.com/results?search_query=SME%20Entrepreneur%20career%20roadmap%20for%20beginners', 'youtube', 'https://www.youtube.com/embed?listType=search&list=SME%20Entrepreneur%20career%20roadmap%20for%20beginners', 'YouTube', true),
  ('entrepreneur_sme', 'Business', 'SME Entrepreneur day in the life Africa', 'Curated YouTube learning topic. Review creator quality before relying on advice.', 'https://www.youtube.com/results?search_query=SME%20Entrepreneur%20day%20in%20the%20life%20Africa', 'youtube', 'https://www.youtube.com/embed?listType=search&list=SME%20Entrepreneur%20day%20in%20the%20life%20Africa', 'YouTube', true),
  ('entrepreneur_sme', 'Business', 'sales tutorial for SME Entrepreneur', 'Curated YouTube learning topic. Review creator quality before relying on advice.', 'https://www.youtube.com/results?search_query=sales%20tutorial%20for%20SME%20Entrepreneur', 'youtube', 'https://www.youtube.com/embed?listType=search&list=sales%20tutorial%20for%20SME%20Entrepreneur', 'YouTube', true),
  ('entrepreneur_sme', 'Business', 'SBA Learning Center', 'Small-business planning and operations resources.', 'https://www.sba.gov/sba-learning-platform', 'blog', null, 'sba.gov', true),
  ('entrepreneur_sme', 'Business', 'Y Combinator Library', 'Startup and entrepreneurship guidance.', 'https://www.ycombinator.com/library', 'blog', null, 'ycombinator.com', true),
  ('entrepreneur_sme', 'Business', 'Strategyzer Library', 'Business model and value proposition design.', 'https://www.strategyzer.com/library', 'blog', null, 'strategyzer.com', true),
  ('water_sanitation_engineer', 'Infrastructure', 'Water & Sanitation Engineer career roadmap for beginners', 'Curated YouTube learning topic. Review creator quality before relying on advice.', 'https://www.youtube.com/results?search_query=Water%20%26%20Sanitation%20Engineer%20career%20roadmap%20for%20beginners', 'youtube', 'https://www.youtube.com/embed?listType=search&list=Water%20%26%20Sanitation%20Engineer%20career%20roadmap%20for%20beginners', 'YouTube', true),
  ('water_sanitation_engineer', 'Infrastructure', 'Water & Sanitation Engineer day in the life Africa', 'Curated YouTube learning topic. Review creator quality before relying on advice.', 'https://www.youtube.com/results?search_query=Water%20%26%20Sanitation%20Engineer%20day%20in%20the%20life%20Africa', 'youtube', 'https://www.youtube.com/embed?listType=search&list=Water%20%26%20Sanitation%20Engineer%20day%20in%20the%20life%20Africa', 'YouTube', true),
  ('water_sanitation_engineer', 'Infrastructure', 'water systems tutorial for Water & Sanitation Engineer', 'Curated YouTube learning topic. Review creator quality before relying on advice.', 'https://www.youtube.com/results?search_query=water%20systems%20tutorial%20for%20Water%20%26%20Sanitation%20Engineer', 'youtube', 'https://www.youtube.com/embed?listType=search&list=water%20systems%20tutorial%20for%20Water%20%26%20Sanitation%20Engineer', 'YouTube', true),
  ('water_sanitation_engineer', 'Infrastructure', 'Engineering.com', 'Engineering projects, skills and technology articles.', 'https://www.engineering.com/', 'blog', null, 'engineering.com', true),
  ('water_sanitation_engineer', 'Infrastructure', 'World Bank Infrastructure', 'Infrastructure development research and reports.', 'https://www.worldbank.org/en/topic/infrastructure', 'blog', null, 'worldbank.org', true),
  ('water_sanitation_engineer', 'Infrastructure', 'ASCE Source', 'Civil engineering news and professional development.', 'https://source.asce.org/', 'blog', null, 'source.asce.org', true),
  ('cloud_solutions_architect', 'Technology', 'Cloud Solutions Architect career roadmap for beginners', 'Curated YouTube learning topic. Review creator quality before relying on advice.', 'https://www.youtube.com/results?search_query=Cloud%20Solutions%20Architect%20career%20roadmap%20for%20beginners', 'youtube', 'https://www.youtube.com/embed?listType=search&list=Cloud%20Solutions%20Architect%20career%20roadmap%20for%20beginners', 'YouTube', true),
  ('cloud_solutions_architect', 'Technology', 'Cloud Solutions Architect day in the life Africa', 'Curated YouTube learning topic. Review creator quality before relying on advice.', 'https://www.youtube.com/results?search_query=Cloud%20Solutions%20Architect%20day%20in%20the%20life%20Africa', 'youtube', 'https://www.youtube.com/embed?listType=search&list=Cloud%20Solutions%20Architect%20day%20in%20the%20life%20Africa', 'YouTube', true),
  ('cloud_solutions_architect', 'Technology', 'cloud tutorial for Cloud Solutions Architect', 'Curated YouTube learning topic. Review creator quality before relying on advice.', 'https://www.youtube.com/results?search_query=cloud%20tutorial%20for%20Cloud%20Solutions%20Architect', 'youtube', 'https://www.youtube.com/embed?listType=search&list=cloud%20tutorial%20for%20Cloud%20Solutions%20Architect', 'YouTube', true),
  ('cloud_solutions_architect', 'Technology', 'freeCodeCamp News', 'Practical programming, data, cloud and product tutorials.', 'https://www.freecodecamp.org/news/', 'blog', null, 'freecodecamp.org', true),
  ('cloud_solutions_architect', 'Technology', 'Roadmap.sh', 'Role-based developer roadmaps and skill checklists.', 'https://roadmap.sh/', 'blog', null, 'roadmap.sh', true),
  ('cloud_solutions_architect', 'Technology', 'Google Developers Blog', 'Product, web, Android, cloud and AI engineering articles.', 'https://developers.googleblog.com/', 'blog', null, 'developers.googleblog.com', true),
  ('product_manager', 'Business Operations', 'Product Manager career roadmap for beginners', 'Curated YouTube learning topic. Review creator quality before relying on advice.', 'https://www.youtube.com/results?search_query=Product%20Manager%20career%20roadmap%20for%20beginners', 'youtube', 'https://www.youtube.com/embed?listType=search&list=Product%20Manager%20career%20roadmap%20for%20beginners', 'YouTube', true),
  ('product_manager', 'Business Operations', 'Product Manager day in the life Africa', 'Curated YouTube learning topic. Review creator quality before relying on advice.', 'https://www.youtube.com/results?search_query=Product%20Manager%20day%20in%20the%20life%20Africa', 'youtube', 'https://www.youtube.com/embed?listType=search&list=Product%20Manager%20day%20in%20the%20life%20Africa', 'YouTube', true),
  ('product_manager', 'Business Operations', 'product strategy tutorial for Product Manager', 'Curated YouTube learning topic. Review creator quality before relying on advice.', 'https://www.youtube.com/results?search_query=product%20strategy%20tutorial%20for%20Product%20Manager', 'youtube', 'https://www.youtube.com/embed?listType=search&list=product%20strategy%20tutorial%20for%20Product%20Manager', 'YouTube', true),
  ('product_manager', 'Business Operations', 'PMI Thought Leadership', 'Project-management methods and career insights.', 'https://www.pmi.org/learning/thought-leadership', 'blog', null, 'pmi.org', true),
  ('product_manager', 'Business Operations', 'Harvard Business Review', 'Management, strategy and operations articles.', 'https://hbr.org/', 'blog', null, 'hbr.org', true),
  ('product_manager', 'Business Operations', 'McKinsey Insights', 'Business, operations and sector trend reports.', 'https://www.mckinsey.com/featured-insights', 'blog', null, 'mckinsey.com', true),
  ('gis_specialist', 'Environment', 'GIS Specialist career roadmap for beginners', 'Curated YouTube learning topic. Review creator quality before relying on advice.', 'https://www.youtube.com/results?search_query=GIS%20Specialist%20career%20roadmap%20for%20beginners', 'youtube', 'https://www.youtube.com/embed?listType=search&list=GIS%20Specialist%20career%20roadmap%20for%20beginners', 'YouTube', true),
  ('gis_specialist', 'Environment', 'GIS Specialist day in the life Africa', 'Curated YouTube learning topic. Review creator quality before relying on advice.', 'https://www.youtube.com/results?search_query=GIS%20Specialist%20day%20in%20the%20life%20Africa', 'youtube', 'https://www.youtube.com/embed?listType=search&list=GIS%20Specialist%20day%20in%20the%20life%20Africa', 'YouTube', true),
  ('gis_specialist', 'Environment', 'gis tutorial for GIS Specialist', 'Curated YouTube learning topic. Review creator quality before relying on advice.', 'https://www.youtube.com/results?search_query=gis%20tutorial%20for%20GIS%20Specialist', 'youtube', 'https://www.youtube.com/embed?listType=search&list=gis%20tutorial%20for%20GIS%20Specialist', 'YouTube', true),
  ('gis_specialist', 'Environment', 'UNEP Stories', 'Environmental sustainability and climate articles.', 'https://www.unep.org/news-and-stories', 'blog', null, 'unep.org', true),
  ('gis_specialist', 'Environment', 'World Resources Institute', 'Climate, water, land and sustainability insights.', 'https://www.wri.org/insights', 'blog', null, 'wri.org', true),
  ('gis_specialist', 'Environment', 'Carbon Brief', 'Climate science and policy explainers.', 'https://www.carbonbrief.org/', 'blog', null, 'carbonbrief.org', true),
  ('actuary', 'Finance', 'Actuary career roadmap for beginners', 'Curated YouTube learning topic. Review creator quality before relying on advice.', 'https://www.youtube.com/results?search_query=Actuary%20career%20roadmap%20for%20beginners', 'youtube', 'https://www.youtube.com/embed?listType=search&list=Actuary%20career%20roadmap%20for%20beginners', 'YouTube', true),
  ('actuary', 'Finance', 'Actuary day in the life Africa', 'Curated YouTube learning topic. Review creator quality before relying on advice.', 'https://www.youtube.com/results?search_query=Actuary%20day%20in%20the%20life%20Africa', 'youtube', 'https://www.youtube.com/embed?listType=search&list=Actuary%20day%20in%20the%20life%20Africa', 'YouTube', true),
  ('actuary', 'Finance', 'statistics tutorial for Actuary', 'Curated YouTube learning topic. Review creator quality before relying on advice.', 'https://www.youtube.com/results?search_query=statistics%20tutorial%20for%20Actuary', 'youtube', 'https://www.youtube.com/embed?listType=search&list=statistics%20tutorial%20for%20Actuary', 'YouTube', true),
  ('actuary', 'Finance', 'Investopedia', 'Finance, accounting, markets and analysis explainers.', 'https://www.investopedia.com/', 'blog', null, 'investopedia.com', true),
  ('actuary', 'Finance', 'ACCA Insights', 'Accounting and finance profession articles.', 'https://www.accaglobal.com/gb/en/member/discover.html', 'blog', null, 'accaglobal.com', true),
  ('actuary', 'Finance', 'Corporate Finance Institute', 'Financial modelling and finance career resources.', 'https://corporatefinanceinstitute.com/resources/', 'blog', null, 'corporatefinanceinstitute.com', true),
  ('veterinary_technician', 'Agriculture', 'Veterinary Technician career roadmap for beginners', 'Curated YouTube learning topic. Review creator quality before relying on advice.', 'https://www.youtube.com/results?search_query=Veterinary%20Technician%20career%20roadmap%20for%20beginners', 'youtube', 'https://www.youtube.com/embed?listType=search&list=Veterinary%20Technician%20career%20roadmap%20for%20beginners', 'YouTube', true),
  ('veterinary_technician', 'Agriculture', 'Veterinary Technician day in the life Africa', 'Curated YouTube learning topic. Review creator quality before relying on advice.', 'https://www.youtube.com/results?search_query=Veterinary%20Technician%20day%20in%20the%20life%20Africa', 'youtube', 'https://www.youtube.com/embed?listType=search&list=Veterinary%20Technician%20day%20in%20the%20life%20Africa', 'YouTube', true),
  ('veterinary_technician', 'Agriculture', 'animal health tutorial for Veterinary Technician', 'Curated YouTube learning topic. Review creator quality before relying on advice.', 'https://www.youtube.com/results?search_query=animal%20health%20tutorial%20for%20Veterinary%20Technician', 'youtube', 'https://www.youtube.com/embed?listType=search&list=animal%20health%20tutorial%20for%20Veterinary%20Technician', 'YouTube', true),
  ('veterinary_technician', 'Agriculture', 'FAO e-learning Academy', 'Agriculture, food systems and climate learning.', 'https://elearning.fao.org/', 'blog', null, 'elearning.fao.org', true),
  ('veterinary_technician', 'Agriculture', 'CGIAR News', 'Agriculture research and innovation insights.', 'https://www.cgiar.org/news-events/news/', 'blog', null, 'cgiar.org', true),
  ('veterinary_technician', 'Agriculture', 'World Bank Agriculture', 'Agriculture development research and reports.', 'https://www.worldbank.org/en/topic/agriculture', 'blog', null, 'worldbank.org', true),
  ('automation_technician', 'Engineering', 'Automation / Robotics Technician career roadmap for beginners', 'Curated YouTube learning topic. Review creator quality before relying on advice.', 'https://www.youtube.com/results?search_query=Automation%20%2F%20Robotics%20Technician%20career%20roadmap%20for%20beginners', 'youtube', 'https://www.youtube.com/embed?listType=search&list=Automation%20%2F%20Robotics%20Technician%20career%20roadmap%20for%20beginners', 'YouTube', true),
  ('automation_technician', 'Engineering', 'Automation / Robotics Technician day in the life Africa', 'Curated YouTube learning topic. Review creator quality before relying on advice.', 'https://www.youtube.com/results?search_query=Automation%20%2F%20Robotics%20Technician%20day%20in%20the%20life%20Africa', 'youtube', 'https://www.youtube.com/embed?listType=search&list=Automation%20%2F%20Robotics%20Technician%20day%20in%20the%20life%20Africa', 'YouTube', true),
  ('automation_technician', 'Engineering', 'plc tutorial for Automation / Robotics Technician', 'Curated YouTube learning topic. Review creator quality before relying on advice.', 'https://www.youtube.com/results?search_query=plc%20tutorial%20for%20Automation%20%2F%20Robotics%20Technician', 'youtube', 'https://www.youtube.com/embed?listType=search&list=plc%20tutorial%20for%20Automation%20%2F%20Robotics%20Technician', 'YouTube', true),
  ('automation_technician', 'Engineering', 'LinkedIn Learning Blog', 'Career development articles and role exploration.', 'https://www.linkedin.com/business/learning/blog', 'blog', null, 'linkedin.com', true),
  ('automation_technician', 'Engineering', 'Coursera Career Academy', 'Role-based online learning pathways.', 'https://www.coursera.org/career-academy/', 'blog', null, 'coursera.org', true),
  ('automation_technician', 'Engineering', 'edX Blog', 'Professional learning articles and programme guidance.', 'https://www.edx.org/blog', 'blog', null, 'edx.org', true),
  ('telecom_network_engineer', 'Technology', 'Telecommunications Network Engineer career roadmap for beginners', 'Curated YouTube learning topic. Review creator quality before relying on advice.', 'https://www.youtube.com/results?search_query=Telecommunications%20Network%20Engineer%20career%20roadmap%20for%20beginners', 'youtube', 'https://www.youtube.com/embed?listType=search&list=Telecommunications%20Network%20Engineer%20career%20roadmap%20for%20beginners', 'YouTube', true),
  ('telecom_network_engineer', 'Technology', 'Telecommunications Network Engineer day in the life Africa', 'Curated YouTube learning topic. Review creator quality before relying on advice.', 'https://www.youtube.com/results?search_query=Telecommunications%20Network%20Engineer%20day%20in%20the%20life%20Africa', 'youtube', 'https://www.youtube.com/embed?listType=search&list=Telecommunications%20Network%20Engineer%20day%20in%20the%20life%20Africa', 'YouTube', true),
  ('telecom_network_engineer', 'Technology', 'networking tutorial for Telecommunications Network Engineer', 'Curated YouTube learning topic. Review creator quality before relying on advice.', 'https://www.youtube.com/results?search_query=networking%20tutorial%20for%20Telecommunications%20Network%20Engineer', 'youtube', 'https://www.youtube.com/embed?listType=search&list=networking%20tutorial%20for%20Telecommunications%20Network%20Engineer', 'YouTube', true),
  ('telecom_network_engineer', 'Technology', 'freeCodeCamp News', 'Practical programming, data, cloud and product tutorials.', 'https://www.freecodecamp.org/news/', 'blog', null, 'freecodecamp.org', true),
  ('telecom_network_engineer', 'Technology', 'Roadmap.sh', 'Role-based developer roadmaps and skill checklists.', 'https://roadmap.sh/', 'blog', null, 'roadmap.sh', true),
  ('telecom_network_engineer', 'Technology', 'Google Developers Blog', 'Product, web, Android, cloud and AI engineering articles.', 'https://developers.googleblog.com/', 'blog', null, 'developers.googleblog.com', true),
  ('construction_manager', 'Infrastructure', 'Construction Manager career roadmap for beginners', 'Curated YouTube learning topic. Review creator quality before relying on advice.', 'https://www.youtube.com/results?search_query=Construction%20Manager%20career%20roadmap%20for%20beginners', 'youtube', 'https://www.youtube.com/embed?listType=search&list=Construction%20Manager%20career%20roadmap%20for%20beginners', 'YouTube', true),
  ('construction_manager', 'Infrastructure', 'Construction Manager day in the life Africa', 'Curated YouTube learning topic. Review creator quality before relying on advice.', 'https://www.youtube.com/results?search_query=Construction%20Manager%20day%20in%20the%20life%20Africa', 'youtube', 'https://www.youtube.com/embed?listType=search&list=Construction%20Manager%20day%20in%20the%20life%20Africa', 'YouTube', true),
  ('construction_manager', 'Infrastructure', 'site supervision tutorial for Construction Manager', 'Curated YouTube learning topic. Review creator quality before relying on advice.', 'https://www.youtube.com/results?search_query=site%20supervision%20tutorial%20for%20Construction%20Manager', 'youtube', 'https://www.youtube.com/embed?listType=search&list=site%20supervision%20tutorial%20for%20Construction%20Manager', 'YouTube', true),
  ('construction_manager', 'Infrastructure', 'Engineering.com', 'Engineering projects, skills and technology articles.', 'https://www.engineering.com/', 'blog', null, 'engineering.com', true),
  ('construction_manager', 'Infrastructure', 'World Bank Infrastructure', 'Infrastructure development research and reports.', 'https://www.worldbank.org/en/topic/infrastructure', 'blog', null, 'worldbank.org', true),
  ('construction_manager', 'Infrastructure', 'ASCE Source', 'Civil engineering news and professional development.', 'https://source.asce.org/', 'blog', null, 'source.asce.org', true),
  ('social_worker', 'Social Services', 'Social Worker career roadmap for beginners', 'Curated YouTube learning topic. Review creator quality before relying on advice.', 'https://www.youtube.com/results?search_query=Social%20Worker%20career%20roadmap%20for%20beginners', 'youtube', 'https://www.youtube.com/embed?listType=search&list=Social%20Worker%20career%20roadmap%20for%20beginners', 'YouTube', true),
  ('social_worker', 'Social Services', 'Social Worker day in the life Africa', 'Curated YouTube learning topic. Review creator quality before relying on advice.', 'https://www.youtube.com/results?search_query=Social%20Worker%20day%20in%20the%20life%20Africa', 'youtube', 'https://www.youtube.com/embed?listType=search&list=Social%20Worker%20day%20in%20the%20life%20Africa', 'YouTube', true),
  ('social_worker', 'Social Services', 'case management tutorial for Social Worker', 'Curated YouTube learning topic. Review creator quality before relying on advice.', 'https://www.youtube.com/results?search_query=case%20management%20tutorial%20for%20Social%20Worker', 'youtube', 'https://www.youtube.com/embed?listType=search&list=case%20management%20tutorial%20for%20Social%20Worker', 'YouTube', true),
  ('social_worker', 'Social Services', 'LinkedIn Learning Blog', 'Career development articles and role exploration.', 'https://www.linkedin.com/business/learning/blog', 'blog', null, 'linkedin.com', true),
  ('social_worker', 'Social Services', 'Coursera Career Academy', 'Role-based online learning pathways.', 'https://www.coursera.org/career-academy/', 'blog', null, 'coursera.org', true),
  ('social_worker', 'Social Services', 'edX Blog', 'Professional learning articles and programme guidance.', 'https://www.edx.org/blog', 'blog', null, 'edx.org', true),
  ('multimedia_producer', 'Marketing', 'Multimedia Content Producer career roadmap for beginners', 'Curated YouTube learning topic. Review creator quality before relying on advice.', 'https://www.youtube.com/results?search_query=Multimedia%20Content%20Producer%20career%20roadmap%20for%20beginners', 'youtube', 'https://www.youtube.com/embed?listType=search&list=Multimedia%20Content%20Producer%20career%20roadmap%20for%20beginners', 'YouTube', true),
  ('multimedia_producer', 'Marketing', 'Multimedia Content Producer day in the life Africa', 'Curated YouTube learning topic. Review creator quality before relying on advice.', 'https://www.youtube.com/results?search_query=Multimedia%20Content%20Producer%20day%20in%20the%20life%20Africa', 'youtube', 'https://www.youtube.com/embed?listType=search&list=Multimedia%20Content%20Producer%20day%20in%20the%20life%20Africa', 'YouTube', true),
  ('multimedia_producer', 'Marketing', 'video editing tutorial for Multimedia Content Producer', 'Curated YouTube learning topic. Review creator quality before relying on advice.', 'https://www.youtube.com/results?search_query=video%20editing%20tutorial%20for%20Multimedia%20Content%20Producer', 'youtube', 'https://www.youtube.com/embed?listType=search&list=video%20editing%20tutorial%20for%20Multimedia%20Content%20Producer', 'YouTube', true),
  ('multimedia_producer', 'Marketing', 'HubSpot Marketing Blog', 'SEO, content, CRM and digital marketing guides.', 'https://blog.hubspot.com/marketing', 'blog', null, 'blog.hubspot.com', true),
  ('multimedia_producer', 'Marketing', 'Google Search Central Blog', 'SEO and search guidance.', 'https://developers.google.com/search/blog', 'blog', null, 'developers.google.com', true),
  ('multimedia_producer', 'Marketing', 'Buffer Blog', 'Social media strategy and content marketing articles.', 'https://buffer.com/resources/', 'blog', null, 'buffer.com', true);

-- 5) Optional sanity checks
do $$
declare
  career_count integer;
  source_count integer;
  market_count integer;
begin
  select count(*) into career_count from public.careers;
  select count(*) into source_count from public.sources;
  select count(*) into market_count from public.market_data;
  raise notice 'Seed complete. Careers: %, Sources: %, Market rows: %', career_count, source_count, market_count;
end $$;

commit;

-- After your first admin signs up, promote them with:
-- update public.profiles set role = 'admin' where email = 'your-email@example.com';